movieId,title,first_rating
255,My Best Friend's Wedding (1997),1997-09-20 03:05:10
286,"English Patient, The (1996)",1997-09-20 03:05:27
298,Face/Off (1997),1997-09-20 03:05:54
185,Psycho (1960),1997-09-20 03:06:21
173,"Princess Bride, The (1987)",1997-09-20 03:07:23
108,Kids in the Hall: Brain Candy (1996),1997-09-20 03:08:02
772,Kids (1995),1997-09-20 03:08:02
288,Scream (1996),1997-09-20 03:08:25
928,"Craft, The (1996)",1997-09-20 03:08:57
117,"Rock, The (1996)",1997-09-20 03:09:48
200,"Shining, The (1980)",1997-09-20 03:11:21
405,Mission: Impossible (1996),1997-09-20 03:12:00
1074,Reality Bites (1994),1997-09-20 03:14:24
176,Aliens (1986),1997-09-20 03:16:26
357,One Flew Over the Cuckoo's Nest (1975),1997-09-20 03:18:05
210,Indiana Jones and the Last Crusade (1989),1997-09-20 03:18:05
687,McHale's Navy (1997),1997-09-20 04:02:48
284,Tin Cup (1996),1997-09-20 04:05:38
696,City Hall (1996),1997-09-20 04:05:38
295,Breakdown (1997),1997-09-20 04:06:10
473,James and the Giant Peach (1996),1997-09-20 04:06:36
544,Things to Do in Denver when You're Dead (1995),1997-09-20 04:06:36
290,Fierce Creatures (1997),1997-09-20 04:07:10
147,"Long Kiss Goodnight, The (1996)",1997-09-20 04:07:41
121,Independence Day (ID4) (1996),1997-09-20 04:09:25
717,"Juror, The (1996)",1997-09-20 04:09:58
220,"Mirror Has Two Faces, The (1996)",1997-09-20 04:28:02
1040,Two if by Sea (1996),1997-09-20 04:28:02
510,"Magnificent Seven, The (1954)",1997-09-20 04:29:09
50,Star Wars (1977),1997-09-20 04:29:10
417,"Parent Trap, The (1961)",1997-09-20 04:29:10
731,"Corrina, Corrina (1994)",1997-09-20 04:29:10
385,True Lies (1994),1997-09-20 04:29:38
623,Angels in the Outfield (1994),1997-09-20 04:29:38
97,Dances with Wolves (1990),1997-09-20 04:30:16
66,While You Were Sleeping (1995),1997-09-20 04:30:16
96,Terminator 2: Judgment Day (1991),1997-09-20 04:30:50
553,"Walk in the Clouds, A (1995)",1997-09-20 04:30:50
79,"Fugitive, The (1993)",1997-09-20 04:30:50
969,Winnie the Pooh and the Blustery Day (1968),1997-09-20 04:30:50
181,Return of the Jedi (1983),1997-09-20 04:31:41
172,"Empire Strikes Back, The (1980)",1997-09-20 04:31:41
498,"African Queen, The (1951)",1997-09-20 04:32:15
739,Pretty Woman (1990),1997-09-20 04:32:15
421,William Shakespeare's Romeo and Juliet (1996),1997-09-20 04:32:15
42,Clerks (1994),1997-09-20 04:32:15
234,Jaws (1975),1997-09-20 04:32:15
402,Ghost (1990),1997-09-20 04:32:15
423,E.T. the Extra-Terrestrial (1982),1997-09-20 04:32:40
174,Raiders of the Lost Ark (1981),1997-09-20 04:33:15
99,Snow White and the Seven Dwarfs (1937),1997-09-20 04:33:15
692,"American President, The (1995)",1997-09-20 04:33:15
392,"Man Without a Face, The (1993)",1997-09-20 04:33:16
812,Andre (1994),1997-09-20 04:33:16
1220,Higher Learning (1995),1997-09-20 04:33:16
215,Field of Dreams (1989),1997-09-20 04:33:51
82,Jurassic Park (1993),1997-09-20 04:33:51
61,Three Colors: White (1994),1997-09-20 04:33:51
202,Groundhog Day (1993),1997-09-20 04:33:51
432,Fantasia (1940),1997-09-20 04:34:16
462,Like Water For Chocolate (Como agua para chocolate) (1992),1997-09-20 04:34:45
746,Real Genius (1985),1997-09-20 04:34:45
69,Forrest Gump (1994),1997-09-20 04:34:45
195,"Terminator, The (1984)",1997-09-20 04:34:45
177,"Good, The Bad and The Ugly, The (1966)",1997-09-20 04:35:55
776,Three Wishes (1995),1997-09-20 04:35:55
1055,"Simple Twist of Fate, A (1994)",1997-09-20 04:35:55
88,Sleepless in Seattle (1993),1997-09-20 04:35:55
4,Get Shorty (1995),1997-09-20 04:36:19
785,Only You (1994),1997-09-20 04:36:46
238,Raising Arizona (1987),1997-09-20 04:36:46
1469,Tom and Huck (1995),1997-09-20 04:36:46
585,Son in Law (1993),1997-09-20 04:37:14
419,Mary Poppins (1964),1997-09-20 04:37:14
660,Fried Green Tomatoes (1991),1997-09-20 04:37:14
365,Powder (1995),1997-09-20 04:37:14
1503,Gold Diggers: The Secret of Bear Mountain (1995),1997-09-20 04:37:15
560,"Kid in King Arthur's Court, A (1995)",1997-09-20 04:37:41
71,"Lion King, The (1994)",1997-09-20 04:37:41
72,"Mask, The (1994)",1997-09-20 04:37:41
228,Star Trek: The Wrath of Khan (1982),1997-09-20 04:37:41
73,Maverick (1994),1997-09-20 04:38:13
622,Swiss Family Robinson (1960),1997-09-20 04:38:13
141,"20,000 Leagues Under the Sea (1954)",1997-09-20 04:38:40
662,Somewhere in Time (1980),1997-09-20 04:38:40
393,Mrs. Doubtfire (1993),1997-09-20 04:38:40
584,"Secret Garden, The (1993)",1997-09-20 04:39:02
949,How to Make an American Quilt (1995),1997-09-20 04:39:30
716,Home for the Holidays (1995),1997-09-20 04:39:30
378,Miracle on 34th Street (1994),1997-09-20 04:39:30
732,Dave (1993),1997-09-20 04:39:30
83,Much Ado About Nothing (1993),1997-09-20 04:39:56
191,Amadeus (1984),1997-09-20 04:39:56
196,Dead Poets Society (1989),1997-09-20 04:39:56
59,Three Colors: Red (1994),1997-09-20 04:40:20
136,Mr. Smith Goes to Washington (1939),1997-09-20 04:40:43
230,Star Trek IV: The Voyage Home (1986),1997-09-20 04:41:07
404,Pinocchio (1940),1997-09-20 04:41:07
655,Stand by Me (1986),1997-09-20 04:41:07
1053,Now and Then (1995),1997-09-20 04:41:30
729,Nell (1994),1997-09-20 04:41:31
568,Speed (1994),1997-09-20 04:41:31
941,With Honors (1994),1997-09-20 04:41:31
60,Three Colors: Blue (1993),1997-09-20 04:42:00
495,Around the World in 80 Days (1956),1997-09-20 04:42:00
506,Rebel Without a Cause (1955),1997-09-20 04:42:00
486,Sabrina (1954),1997-09-20 04:42:01
946,"Fox and the Hound, The (1981)",1997-09-20 04:42:01
95,Aladdin (1992),1997-09-20 04:42:32
747,Benny & Joon (1993),1997-09-20 04:42:32
431,Highlander (1986),1997-09-20 04:42:32
418,Cinderella (1950),1997-09-20 04:42:33
38,"Net, The (1995)",1997-09-20 04:42:33
1014,Romy and Michele's High School Reunion (1997),1997-09-20 14:56:48
845,That Thing You Do! (1996),1997-09-20 14:56:48
111,"Truth About Cats & Dogs, The (1996)",1997-09-20 14:56:48
742,Ransom (1996),1997-09-20 14:58:39
815,One Fine Day (1996),1997-09-20 14:59:10
824,"Great White Hype, The (1996)",1997-09-20 14:59:10
300,Air Force One (1997),1997-09-20 16:51:26
323,Dante's Peak (1997),1997-09-20 16:54:09
322,Murder at 1600 (1997),1997-09-20 16:54:09
866,Michael (1996),1997-09-20 16:56:15
100,Fargo (1996),1997-09-20 16:56:15
275,Sense and Sensibility (1995),1997-09-20 16:56:15
458,Nixon (1995),1997-09-20 16:56:15
455,Jackie Chan's First Strike (1996),1997-09-20 16:58:39
741,"Last Supper, The (1995)",1997-09-20 17:00:15
813,"Celluloid Closet, The (1995)",1997-09-20 17:02:36
718,In the Bleak Midwinter (1995),1997-09-20 17:02:36
235,Mars Attacks! (1996),1997-09-20 17:02:36
277,Restoration (1995),1997-09-20 17:03:13
237,Jerry Maguire (1996),1997-09-20 17:03:58
1086,It's My Party (1995),1997-09-20 17:05:36
412,"Very Brady Sequel, A (1996)",1997-09-20 17:05:36
282,"Time to Kill, A (1996)",1997-09-20 17:05:36
628,Sleepers (1996),1997-09-20 17:06:25
7,Twelve Monkeys (1995),1997-09-20 17:06:25
93,Welcome to the Dollhouse (1995),1997-09-20 17:07:42
1016,Con Air (1997),1997-09-20 17:07:42
276,Leaving Las Vegas (1995),1997-09-20 17:07:42
125,Phenomenon (1996),1997-09-20 17:07:42
222,Star Trek: First Contact (1996),1997-09-20 17:08:31
823,Mulholland Falls (1996),1997-09-20 17:10:06
829,Fled (1996),1997-09-20 17:10:06
472,Dragonheart (1996),1997-09-20 17:10:06
982,Maximum Risk (1996),1997-09-20 17:10:06
287,Marvin's Room (1996),1997-09-20 17:11:05
597,Eraser (1996),1997-09-20 17:11:05
762,Beautiful Girls (1996),1997-09-20 17:11:05
924,White Squall (1996),1997-09-20 17:12:15
274,Sabrina (1995),1997-09-20 17:13:00
109,Mystery Science Theater 3000: The Movie (1996),1997-09-20 17:13:00
475,Trainspotting (1996),1997-09-20 17:13:00
826,"Phantom, The (1996)",1997-09-20 17:13:00
257,Men in Black (1997),1997-09-20 17:13:34
1202,"Maybe, Maybe Not (Bewegte Mann, Der) (1994)",1997-09-20 17:14:40
250,"Fifth Element, The (1997)",1997-09-20 17:15:31
827,Daylight (1996),1997-09-20 17:16:55
105,Sgt. Bilko (1996),1997-09-20 17:17:29
546,Broken Arrow (1996),1997-09-20 17:18:34
930,Chain Reaction (1996),1997-09-20 17:19:05
831,Escape from L.A. (1996),1997-09-20 17:19:40
1034,"Quest, The (1996)",1997-09-20 17:19:40
790,Tommy Boy (1995),1997-09-20 17:41:00
11,Seven (Se7en) (1995),1997-09-20 17:44:00
12,"Usual Suspects, The (1995)",1997-09-20 17:44:51
496,It's a Wonderful Life (1946),1997-09-20 17:44:51
180,Apocalypse Now (1979),1997-09-20 17:45:28
56,Pulp Fiction (1994),1997-09-20 17:45:28
382,"Adventures of Priscilla, Queen of the Desert, The (1994)",1997-09-20 17:45:28
170,Cinema Paradiso (1988),1997-09-20 17:46:23
474,Dr. Strangelove or: How I Learned to Stop Worrying and Love the Bomb (1963),1997-09-20 17:47:03
134,Citizen Kane (1941),1997-09-20 17:47:03
770,Devil in a Blue Dress (1995),1997-09-20 17:47:38
64,"Shawshank Redemption, The (1994)",1997-09-20 17:48:21
47,Ed Wood (1994),1997-09-20 17:48:55
81,"Hudsucker Proxy, The (1994)",1997-09-20 17:48:55
175,Brazil (1985),1997-09-20 17:48:55
55,"Professional, The (1994)",1997-09-20 17:49:25
461,Smoke (1995),1997-09-20 17:50:33
169,"Wrong Trousers, The (1993)",1997-09-20 17:51:30
182,GoodFellas (1990),1997-09-20 17:52:05
318,Schindler's List (1993),1997-09-20 17:52:28
204,Back to the Future (1985),1997-09-20 17:52:54
91,"Nightmare Before Christmas, The (1993)",1997-09-20 17:53:18
85,"Ref, The (1994)",1997-09-20 17:54:25
70,Four Weddings and a Funeral (1994),1997-09-20 17:54:25
580,"Englishman Who Went Up a Hill, But Came Down a Mountain, The (1995)",1997-09-20 17:54:56
209,This Is Spinal Tap (1984),1997-09-20 17:55:54
189,"Grand Day Out, A (1992)",1997-09-20 17:56:21
693,Casino (1995),1997-09-20 17:56:47
201,Evil Dead II (1987),1997-09-20 17:57:20
663,Being There (1979),1997-09-20 17:57:20
53,Natural Born Killers (1994),1997-09-20 17:57:54
214,Pink Floyd - The Wall (1982),1997-09-20 17:57:54
239,Sneakers (1992),1997-09-20 17:57:54
1073,Shallow Grave (1994),1997-09-20 17:58:19
428,Harold and Maude (1971),1997-09-20 17:58:19
231,Batman Returns (1992),1997-09-20 18:00:24
68,"Crow, The (1994)",1997-09-20 18:01:19
161,Top Gun (1986),1997-09-20 18:01:19
233,Under Siege (1992),1997-09-20 18:01:19
22,Braveheart (1995),1997-09-20 18:01:19
540,Money Train (1995),1997-09-20 18:01:19
92,True Romance (1993),1997-09-20 18:01:55
684,In the Line of Fire (1993),1997-09-20 18:02:48
2,GoldenEye (1995),1997-09-20 18:02:48
226,Die Hard 2 (1990),1997-09-20 18:02:49
566,Clear and Present Danger (1994),1997-09-20 18:02:49
720,First Knight (1995),1997-09-20 18:03:32
62,Stargate (1994),1997-09-20 18:03:32
578,Demolition Man (1993),1997-09-20 18:03:32
761,Nick of Time (1995),1997-09-20 18:03:33
33,Desperado (1995),1997-09-20 18:04:56
550,Die Hard: With a Vengeance (1995),1997-09-20 18:05:22
802,Hard Target (1993),1997-09-20 18:05:56
373,Judge Dredd (1995),1997-09-20 18:05:56
391,Last Action Hero (1993),1997-09-20 18:05:56
252,"Lost World: Jurassic Park, The (1997)",1997-09-20 18:40:32
825,"Arrival, The (1996)",1997-09-20 18:41:00
319,Everyone Says I Love You (1996),1997-09-20 18:41:04
292,Rosewood (1997),1997-09-20 18:41:04
245,"Devil's Own, The (1997)",1997-09-20 18:41:49
988,"Beautician and the Beast, The (1997)",1997-09-20 18:42:25
977,"Substitute, The (1996)",1997-09-20 18:42:49
1259,Pie in the Sky (1995),1997-09-20 18:43:16
19,Antonia's Line (1995),1997-09-20 18:43:24
254,Batman & Robin (1997),1997-09-20 18:43:57
1244,Metro (1997),1997-09-20 18:43:57
515,"Boot, Das (1981)",1997-09-20 18:44:10
595,"Fan, The (1996)",1997-09-20 18:44:27
986,Turbulence (1997),1997-09-20 18:44:28
127,"Godfather, The (1972)",1997-09-20 18:44:36
126,"Spitfire Grill, The (1996)",1997-09-20 18:46:13
14,"Postino, Il (1994)",1997-09-20 18:46:13
1153,Backbeat (1993),1997-09-20 18:46:38
492,East of Eden (1955),1997-09-20 18:46:38
1261,"Run of the Country, The (1995)",1997-09-20 18:46:38
221,Breaking the Waves (1996),1997-09-20 18:46:47
194,"Sting, The (1973)",1997-09-20 18:47:37
213,"Room with a View, A (1986)",1997-09-20 18:47:37
168,Monty Python and the Holy Grail (1974),1997-09-20 18:49:11
89,Blade Runner (1982),1997-09-20 18:49:12
511,Lawrence of Arabia (1962),1997-09-20 18:50:07
1260,Total Eclipse (1995),1997-09-20 18:52:27
188,Full Metal Jacket (1987),1997-09-20 18:55:42
1101,Six Degrees of Separation (1993),1997-09-20 18:56:19
31,Crimson Tide (1995),1997-09-20 18:56:19
87,Searching for Bobby Fischer (1993),1997-09-20 18:57:09
193,"Right Stuff, The (1983)",1997-09-20 18:57:52
124,Lone Star (1996),1997-09-20 18:59:54
199,"Bridge on the River Kwai, The (1957)",1997-09-20 18:59:54
154,Monty Python's Life of Brian (1979),1997-09-20 19:00:22
28,Apollo 13 (1995),1997-09-20 19:00:22
697,"Basketball Diaries, The (1995)",1997-09-20 19:01:08
86,"Remains of the Day, The (1993)",1997-09-20 19:01:08
23,Taxi Driver (1976),1997-09-20 19:01:40
658,Pump Up the Volume (1990),1997-09-20 19:02:07
449,Star Trek: The Motion Picture (1979),1997-09-20 19:03:10
132,"Wizard of Oz, The (1939)",1997-09-20 19:03:48
15,Mr. Holland's Opus (1995),1997-09-20 19:17:32
744,Michael Collins (1996),1997-09-20 19:21:38
713,Othello (1995),1997-09-20 19:38:57
919,"City of Lost Children, The (1995)",1997-09-20 19:40:40
116,Cold Comfort Farm (1995),1997-09-20 19:41:06
13,Mighty Aphrodite (1995),1997-09-20 19:41:37
408,"Close Shave, A (1995)",1997-09-20 19:42:18
283,Emma (1996),1997-09-20 19:42:55
1,Toy Story (1995),1997-09-20 19:43:35
224,Ridicule (1996),1997-09-20 19:43:58
151,Willy Wonka and the Chocolate Factory (1971),1997-09-20 19:44:28
961,Orlando (1993),1997-09-20 19:52:45
518,Miller's Crossing (1990),1997-09-20 19:53:14
433,Heathers (1989),1997-09-20 19:53:53
522,Down by Law (1986),1997-09-20 19:57:27
603,Rear Window (1954),1997-09-20 19:57:28
8,Babe (1995),1997-09-20 19:57:54
705,Singin' in the Rain (1952),1997-09-20 19:58:46
414,My Favorite Year (1982),1997-09-20 19:58:46
504,Bonnie and Clyde (1967),1997-09-20 20:00:24
183,Alien (1979),1997-09-20 20:02:08
479,Vertigo (1958),1997-09-20 20:02:08
171,Delicatessen (1991),1997-09-20 20:03:29
1006,Until the End of the World (Bis ans Ende der Welt) (1991),1997-09-20 20:03:29
32,Crumb (1994),1997-09-20 20:03:29
463,"Secret of Roan Inish, The (1994)",1997-09-20 20:04:03
642,"Grifters, The (1990)",1997-09-20 20:04:03
512,Wings of Desire (1987),1997-09-20 20:04:03
710,Better Off Dead... (1985),1997-09-20 20:04:49
527,Gandhi (1982),1997-09-20 20:05:26
144,Die Hard (1988),1997-09-20 20:05:26
652,Rosencrantz and Guildenstern Are Dead (1990),1997-09-20 20:05:26
367,Clueless (1995),1997-09-20 20:05:57
102,"Aristocats, The (1970)",1997-09-20 20:05:57
98,"Silence of the Lambs, The (1991)",1997-09-20 20:06:56
143,"Sound of Music, The (1965)",1997-09-20 20:07:46
387,"Age of Innocence, The (1993)",1997-09-20 20:08:18
629,Victor/Victoria (1982),1997-09-20 20:08:18
133,Gone with the Wind (1939),1997-09-20 20:10:20
145,"Lawnmower Man, The (1992)",1997-09-20 20:10:44
258,Contact (1997),1997-09-20 20:12:17
328,Conspiracy Theory (1997),1997-09-20 20:12:46
294,Liar Liar (1997),1997-09-20 20:12:46
678,Volcano (1997),1997-09-20 20:13:39
358,Spawn (1997),1997-09-20 20:13:39
325,Crash (1996),1997-09-20 20:13:39
324,Lost Highway (1997),1997-09-20 20:13:39
153,"Fish Called Wanda, A (1988)",1997-09-20 20:13:58
260,Event Horizon (1997),1997-09-20 20:13:59
508,"People vs. Larry Flynt, The (1996)",1997-09-20 20:14:27
211,M*A*S*H (1970),1997-09-20 20:15:12
273,Heat (1995),1997-09-20 20:15:17
547,"Young Poisoner's Handbook, The (1995)",1997-09-20 20:16:45
591,Primal Fear (1996),1997-09-20 20:17:12
249,Austin Powers: International Man of Mystery (1997),1997-09-20 20:17:12
471,Courage Under Fire (1996),1997-09-20 20:17:37
123,"Frighteners, The (1996)",1997-09-20 20:17:37
520,"Great Escape, The (1963)",1997-09-20 20:17:44
25,"Birdcage, The (1996)",1997-09-20 20:18:06
410,Kingpin (1996),1997-09-20 20:18:06
246,Chasing Amy (1997),1997-09-20 20:18:06
293,Donnie Brasco (1997),1997-09-20 20:18:06
483,Casablanca (1942),1997-09-20 20:18:15
240,Beavis and Butt-head Do America (1996),1997-09-20 20:18:33
203,Unforgiven (1992),1997-09-20 20:19:06
1010,Basquiat (1996),1997-09-20 20:19:44
685,Executive Decision (1996),1997-09-20 20:19:44
411,"Nutty Professor, The (1996)",1997-09-20 20:20:07
406,Thinner (1996),1997-09-20 20:20:31
225,101 Dalmatians (1996),1997-09-20 20:20:54
1129,Chungking Express (1994),1997-09-20 20:21:16
840,Last Man Standing (1996),1997-09-20 20:21:37
148,"Ghost and the Darkness, The (1996)",1997-09-20 20:22:04
150,Swingers (1996),1997-09-20 20:22:04
3,Four Rooms (1995),1997-09-20 20:22:04
974,Eye for an Eye (1996),1997-09-20 20:22:25
162,On Golden Pond (1981),1997-09-20 20:22:30
118,Twister (1996),1997-09-20 20:22:44
528,"Killing Fields, The (1984)",1997-09-20 20:22:54
1028,Grumpier Old Men (1995),1997-09-20 20:24:04
155,Dirty Dancing (1987),1997-09-20 20:24:19
993,Hercules (1997),1997-09-20 20:24:25
281,"River Wild, The (1994)",1997-09-20 20:24:25
1245,Gridlock'd (1997),1997-09-20 20:24:51
526,Ben-Hur (1959),1997-09-20 20:25:16
217,Bram Stoker's Dracula (1992),1997-09-20 20:25:44
1013,Anaconda (1997),1997-09-20 20:25:50
122,"Cable Guy, The (1996)",1997-09-20 20:25:50
229,Star Trek III: The Search for Spock (1984),1997-09-20 20:26:02
120,Striptease (1996),1997-09-20 20:26:12
21,Muppet Treasure Island (1996),1997-09-20 20:26:35
216,When Harry Met Sally... (1989),1997-09-20 20:26:44
763,Happy Gilmore (1996),1997-09-20 20:26:54
456,Beverly Hills Ninja (1997),1997-09-20 20:27:17
451,Grease (1978),1997-09-20 20:27:36
856,Night on Earth (1991),1997-09-20 20:28:08
1079,Joe's Apartment (1996),1997-09-20 20:28:20
516,Local Hero (1983),1997-09-20 20:28:50
381,Muriel's Wedding (1994),1997-09-20 20:29:10
192,Raging Bull (1980),1997-09-20 20:29:13
90,So I Married an Axe Murderer (1993),1997-09-20 20:29:30
27,Bad Boys (1995),1997-09-20 20:30:07
582,"Piano, The (1993)",1997-09-20 20:30:07
135,2001: A Space Odyssey (1968),1997-09-20 20:30:41
469,Short Cuts (1993),1997-09-20 20:30:41
160,Glengarry Glen Ross (1992),1997-09-20 20:30:41
806,Menace II Society (1993),1997-09-20 20:31:07
65,What's Eating Gilbert Grape (1993),1997-09-20 20:31:07
523,Cool Hand Luke (1967),1997-09-20 20:31:36
558,Heavenly Creatures (1994),1997-09-20 20:32:06
57,Priest (1994),1997-09-20 20:32:06
197,"Graduate, The (1967)",1997-09-20 20:32:29
1005,"Double vie de Véronique, La (Double Life of Veronique, The) (1991)",1997-09-20 20:34:07
227,Star Trek VI: The Undiscovered Country (1991),1997-09-20 20:35:38
380,Star Trek: Generations (1994),1997-09-20 20:36:14
219,"Nightmare on Elm Street, A (1984)",1997-09-20 20:43:07
549,Rob Roy (1995),1997-09-20 20:44:50
1004,Geronimo: An American Legend (1993),1997-09-20 20:45:18
780,Dumb & Dumber (1994),1997-09-20 20:46:28
679,Conan the Barbarian (1981),1997-09-20 20:47:23
748,"Saint, The (1997)",1997-09-20 20:53:24
1221,When a Man Loves a Woman (1994),1997-09-20 20:55:57
386,Addams Family Values (1993),1997-09-20 20:56:41
1047,Multiplicity (1996),1997-09-20 20:56:45
1009,Stealing Beauty (1996),1997-09-20 20:58:04
1199,Cemetery Man (Dellamorte Dellamore) (1994),1997-09-20 20:59:15
530,"Man Who Would Be King, The (1975)",1997-09-20 21:01:19
427,To Kill a Mockingbird (1962),1997-09-20 21:01:19
795,Richie Rich (1994),1997-09-20 21:05:38
1228,Under Siege 2: Dark Territory (1995),1997-09-20 21:08:24
1207,Jade (1995),1997-09-20 21:20:39
1046,Malice (1993),1997-09-20 21:23:49
223,Sling Blade (1996),1997-09-20 21:26:13
157,Platoon (1986),1997-09-20 21:26:13
1141,"War Room, The (1993)",1997-09-20 21:26:13
531,Shine (1996),1997-09-20 21:26:41
554,Waterworld (1995),1997-09-20 21:26:53
470,Tombstone (1993),1997-09-20 21:27:35
939,Murder in the First (1995),1997-09-20 21:27:35
1194,Once Were Warriors (1994),1997-09-20 21:27:55
647,Ran (1985),1997-09-20 21:28:23
1337,Larger Than Life (1996),1997-09-20 21:28:50
429,"Day the Earth Stood Still, The (1951)",1997-09-20 21:29:32
39,Strange Days (1995),1997-09-20 21:29:55
1188,Young Guns II (1990),1997-09-20 21:29:58
51,Legends of the Fall (1994),1997-09-20 21:30:25
54,Outbreak (1995),1997-09-20 21:30:25
425,Bob Roberts (1992),1997-09-20 21:31:41
356,"Client, The (1994)",1997-09-20 21:31:41
187,"Godfather: Part II, The (1974)",1997-09-20 21:31:42
179,"Clockwork Orange, A (1971)",1997-09-20 21:31:42
1267,Clockers (1995),1997-09-20 21:31:42
46,Exotica (1994),1997-09-20 21:32:25
58,Quiz Show (1994),1997-09-20 21:32:49
291,Absolute Power (1997),1997-09-20 21:32:49
569,Wolf (1994),1997-09-20 21:32:49
771,Johnny Mnemonic (1995),1997-09-20 21:32:52
715,To Die For (1995),1997-09-20 21:33:14
735,Philadelphia (1993),1997-09-20 21:33:34
317,In the Name of the Father (1993),1997-09-20 21:34:17
375,Showgirls (1995),1997-09-20 21:35:39
1482,"Gate of Heavenly Peace, The (1995)",1997-09-20 21:36:23
43,Disclosure (1994),1997-09-20 21:36:23
1213,Guilty as Sin (1993),1997-09-20 21:36:47
1428,SubUrbia (1997),1997-09-20 21:37:00
583,Romeo Is Bleeding (1993),1997-09-20 21:37:24
803,Heaven & Earth (1993),1997-09-20 21:38:07
1232,Madonna: Truth or Dare (1991),1997-09-20 21:38:08
76,Carlito's Way (1993),1997-09-20 21:38:26
1426,Grace of My Heart (1996),1997-09-20 21:38:26
1135,"Doors, The (1991)",1997-09-20 21:38:47
789,Swimming with Sharks (1995),1997-09-20 21:40:23
721,Mallrats (1995),1997-09-20 21:41:11
786,"Perez Family, The (1995)",1997-09-20 21:41:34
959,Dazed and Confused (1993),1997-09-20 21:41:35
929,Harriet the Spy (1996),1997-09-20 21:43:06
734,Made in America (1993),1997-09-20 21:43:06
564,Tales from the Hood (1995),1997-09-20 21:43:25
854,Bad Taste (1987),1997-09-20 21:43:26
1118,Up in Smoke (1978),1997-09-20 21:43:50
592,True Crime (1995),1997-09-20 21:44:10
40,"To Wong Foo, Thanks for Everything! Julie Newmar (1995)",1997-09-20 21:44:31
17,From Dusk Till Dawn (1996),1997-09-20 21:44:54
1140,"Road to Wellville, The (1994)",1997-09-20 21:44:54
796,Speechless (1994),1997-09-20 21:45:32
158,Weekend at Bernie's (1989),1997-09-20 21:45:32
364,Ace Ventura: When Nature Calls (1995),1997-09-20 21:46:16
545,Vampire in Brooklyn (1995),1997-09-20 21:46:16
67,Ace Ventura: Pet Detective (1994),1997-09-20 21:46:33
186,"Blues Brothers, The (1980)",1997-09-20 21:46:58
709,Strictly Ballroom (1992),1997-09-20 21:46:58
1218,Friday (1995),1997-09-20 21:47:20
232,Young Guns (1988),1997-09-20 21:48:14
401,"Brady Bunch Movie, The (1995)",1997-09-20 21:48:14
388,Beverly Hills Cop III (1994),1997-09-20 21:48:14
571,Another Stakeout (1993),1997-09-20 21:48:38
396,Serial Mom (1994),1997-09-20 21:48:38
369,Black Sheep (1996),1997-09-20 21:49:02
783,Milk Money (1994),1997-09-20 21:49:03
63,"Santa Clause, The (1994)",1997-09-20 21:49:28
384,Naked Gun 33 1/3: The Final Insult (1994),1997-09-20 21:49:49
139,"Love Bug, The (1969)",1997-09-20 21:50:32
80,Hot Shots! Part Deux (1993),1997-09-20 21:50:37
41,Billy Madison (1995),1997-09-20 21:51:17
728,Junior (1994),1997-09-20 21:51:17
1084,Anne Frank Remembered (1995),1997-09-20 21:51:25
409,Jack (1996),1997-09-20 21:51:50
407,Spy Hard (1996),1997-09-20 21:51:50
575,City Slickers II: The Legend of Curly's Gold (1994),1997-09-20 21:51:50
24,Rumble in the Bronx (1995),1997-09-20 21:52:46
241,"Last of the Mohicans, The (1992)",1997-09-20 21:53:22
476,"First Wives Club, The (1996)",1997-09-20 21:53:23
128,Supercop (1992),1997-09-20 21:53:56
265,"Hunt for Red October, The (1990)",1997-09-20 21:54:43
636,Escape from New York (1981),1997-09-20 21:54:43
665,Alien 3 (1992),1997-09-20 21:55:20
541,Mortal Kombat (1995),1997-09-20 21:55:20
576,Cliffhanger (1993),1997-09-20 21:55:47
184,Army of Darkness (1993),1997-09-20 21:55:47
686,"Perfect World, A (1993)",1997-09-20 21:55:47
397,Striking Distance (1993),1997-09-20 21:56:41
743,"Crow: City of Angels, The (1996)",1997-09-20 21:57:14
1416,No Escape (1994),1997-09-20 21:57:14
399,"Three Musketeers, The (1993)",1997-09-20 21:57:14
450,Star Trek V: The Final Frontier (1989),1997-09-20 21:57:14
218,Cape Fear (1991),1997-09-20 21:57:43
559,Interview with the Vampire (1994),1997-09-20 21:57:43
447,Carrie (1976),1997-09-20 21:57:43
164,"Abyss, The (1989)",1997-09-20 21:57:43
672,Candyman (1992),1997-09-20 21:58:12
5,Copycat (1995),1997-09-20 21:58:12
448,"Omen, The (1976)",1997-09-20 21:58:12
443,"Birds, The (1963)",1997-09-20 21:58:12
459,"Cry, the Beloved Country (1995)",1997-09-20 21:58:18
436,"American Werewolf in London, An (1981)",1997-09-20 21:58:31
800,In the Mouth of Madness (1995),1997-09-20 21:59:05
561,Mary Shelley's Frankenstein (1994),1997-09-20 21:59:05
379,Tales From the Crypt Presents: Demon Knight (1995),1997-09-20 21:59:05
669,Body Parts (1991),1997-09-20 21:59:27
551,Lord of Illusions (1995),1997-09-20 21:59:27
816,Candyman: Farewell to the Flesh (1995),1997-09-20 21:59:53
567,Wes Craven's New Nightmare (1994),1997-09-20 21:59:54
773,Mute Witness (1994),1997-09-20 21:59:54
755,Jumanji (1995),1997-09-20 22:01:10
1197,"Family Thing, A (1996)",1997-09-20 22:01:29
627,Robin Hood: Prince of Thieves (1991),1997-09-20 22:01:47
588,Beauty and the Beast (1991),1997-09-20 22:01:47
420,Alice in Wonderland (1951),1997-09-20 22:02:25
142,Bedknobs and Broomsticks (1971),1997-09-20 22:02:25
951,"Indian in the Cupboard, The (1995)",1997-09-20 22:02:49
624,"Three Caballeros, The (1945)",1997-09-20 22:02:49
843,"Shaggy Dog, The (1959)",1997-09-20 22:03:09
1060,"Adventures of Pinocchio, The (1996)",1997-09-20 22:03:42
1091,Pete's Dragon (1977),1997-09-20 22:03:55
1031,Lassie (1994),1997-09-20 22:03:55
501,Dumbo (1941),1997-09-20 22:03:55
1035,Cool Runnings (1993),1997-09-20 22:03:55
415,"Apple Dumpling Gang, The (1975)",1997-09-20 22:04:22
820,Space Jam (1996),1997-09-20 22:04:22
426,"Transformers: The Movie, The (1986)",1997-09-20 22:04:52
768,Casper (1995),1997-09-20 22:05:18
106,Diabolique (1996),1997-09-20 22:06:36
794,It Could Happen to You (1994),1997-09-20 22:06:38
389,Black Beauty (1994),1997-09-20 22:11:09
509,My Left Foot (1989),1997-09-20 22:12:54
435,Butch Cassidy and the Sundance Kid (1969),1997-09-20 22:16:13
707,Enchanted April (1991),1997-09-20 22:17:28
1240,Ghost in the Shell (Kokaku kidotai) (1995),1997-09-20 22:17:32
484,"Maltese Falcon, The (1941)",1997-09-20 22:18:18
1407,"Specialist, The (1994)",1997-09-20 22:26:26
807,Poetic Justice (1993),1997-09-20 22:46:14
1496,Carpool (1996),1997-09-20 22:47:14
44,Dolores Claiborne (1994),1997-09-20 22:47:17
159,Basic Instinct (1992),1997-09-20 22:47:17
156,Reservoir Dogs (1992),1997-09-20 22:48:24
653,Touch of Evil (1958),1997-09-20 22:48:49
1253,"Tie That Binds, The (1995)",1997-09-20 22:48:49
77,"Firm, The (1993)",1997-09-20 22:49:11
1157,"Relic, The (1997)",1997-09-20 22:49:32
552,Species (1995),1997-09-20 22:49:55
1090,Sliver (1993),1997-09-20 22:49:55
1273,Color of Night (1994),1997-09-20 22:50:23
1042,Just Cause (1995),1997-09-20 22:50:23
572,Blown Away (1994),1997-09-20 22:50:23
634,Microcosmos: Le peuple de l'herbe (1996),1997-09-20 22:51:28
198,Nikita (La Femme Nikita) (1990),1997-09-20 22:52:29
207,Cyrano de Bergerac (1990),1997-09-20 22:53:08
206,Akira (1988),1997-09-20 22:53:08
1131,Safe (1995),1997-09-20 22:55:16
834,Halloween: The Curse of Michael Myers (1995),1997-09-20 22:55:51
1056,Cronos (1992),1997-09-20 22:56:41
29,Batman Forever (1995),1997-09-20 22:59:33
1502,Naked in New York (1994),1997-09-20 23:00:00
631,"Crying Game, The (1992)",1997-09-20 23:00:12
1314,Surviving the Game (1994),1997-09-20 23:00:12
759,Fair Game (1995),1997-09-20 23:00:12
129,Bound (1996),1997-09-21 01:34:59
844,Freeway (1996),1997-09-21 01:36:44
9,Dead Man Walking (1995),1997-09-21 01:36:44
1012,Private Parts (1997),1997-09-21 01:38:12
1067,Bottle Rocket (1996),1997-09-21 01:38:12
619,Extreme Measures (1996),1997-09-21 01:38:47
244,Smilla's Sense of Snow (1997),1997-09-21 01:38:47
985,Blood & Wine (1997),1997-09-21 01:39:44
984,Shadow Conspiracy (1997),1997-09-21 02:44:10
1302,Late Bloomers (1996),1997-09-21 03:48:23
876,Money Talks (1997),1997-09-21 04:19:02
327,Cop Land (1997),1997-09-21 04:19:53
329,Desperate Measures (1998),1997-09-21 04:20:49
289,Evita (1996),1997-09-21 04:23:09
363,Sudden Death (1995),1997-09-21 04:26:47
753,Burnt By the Sun (1994),1997-09-21 06:45:13
1414,Coldblooded (1995),1997-09-21 07:10:26
779,Drop Zone (1994),1997-09-21 07:10:26
1415,"Next Karate Kid, The (1994)",1997-09-21 07:10:27
1149,Walkabout (1971),1997-09-21 07:30:23
30,Belle de jour (1967),1997-09-21 07:34:43
256,When the Cats Away (Chacun cherche son chat) (1996),1997-09-21 07:38:06
259,George of the Jungle (1997),1997-09-21 07:46:00
1652,Temptress Moon (Feng Yue) (1996),1997-09-21 07:49:58
1274,Robocop 3 (1993),1997-09-21 07:51:18
264,Mimic (1997),1997-09-21 07:51:36
1119,Some Kind of Wonderful (1987),1997-09-21 07:52:29
781,French Kiss (1995),1997-09-21 07:56:09
403,Batman (1989),1997-09-21 08:00:26
976,Solo (1996),1997-09-21 08:03:01
1215,Barb Wire (1996),1997-09-21 08:08:07
819,Eddie (1996),1997-09-21 08:09:15
860,"Believers, The (1987)",1997-09-21 08:21:08
724,Circle of Friends (1995),1997-09-21 08:22:40
983,"Rich Man's Wife, The (1996)",1997-09-21 08:25:05
849,Days of Thunder (1990),1997-09-21 08:26:12
138,D3: The Mighty Ducks (1996),1997-09-21 08:34:24
398,Super Mario Bros. (1993),1997-09-21 08:37:30
383,"Flintstones, The (1994)",1997-09-21 08:37:30
178,12 Angry Men (1957),1997-09-21 08:43:03
262,In the Company of Men (1997),1997-09-21 09:20:03
285,Secrets & Lies (1996),1997-09-21 09:22:26
756,Father of the Bride Part II (1995),1997-09-21 09:24:38
1017,Trees Lounge (1996),1997-09-21 09:25:11
933,"Funeral, The (1996)",1997-09-21 09:25:36
1277,Set It Off (1996),1997-09-21 09:26:59
760,Screamers (1995),1997-09-21 09:27:17
413,Tales from the Crypt Presents: Bordello of Blood (1996),1997-09-21 09:27:34
236,Citizen Ruth (1996),1997-09-21 09:28:48
975,Fear (1996),1997-09-21 09:29:06
833,Bulletproof (1996),1997-09-21 09:30:36
460,"Crossing Guard, The (1995)",1997-09-21 09:30:54
1376,Meet Wally Sparks (1997),1997-09-21 09:32:03
1059,Don't Be a Menace to South Central While Drinking Your Juice in the Hood (1996),1997-09-21 09:32:25
943,Killing Zoe (1994),1997-09-21 09:38:55
1109,Death and the Maiden (1994),1997-09-21 09:39:28
466,Red Rock West (1992),1997-09-21 09:39:28
581,Kalifornia (1993),1997-09-21 09:40:27
1217,Assassins (1995),1997-09-21 09:40:50
1083,Albino Alligator (1996),1997-09-21 09:41:16
1471,Hideaway (1995),1997-09-21 09:41:54
573,Body Snatchers (1993),1997-09-21 09:42:24
1077,Love and a .45 (1994),1997-09-21 09:42:43
562,"Quick and the Dead, The (1995)",1997-09-21 09:47:22
1239,Cutthroat Island (1995),1997-09-21 09:47:59
1303,"Getaway, The (1994)",1997-09-21 09:47:59
871,Vegas Vacation (1997),1997-09-21 10:10:08
104,Theodore Rex (1995),1997-09-21 10:11:22
1011,2 Days in the Valley (1996),1997-09-21 10:11:22
931,"Island of Dr. Moreau, The (1996)",1997-09-21 10:11:22
1070,Living in Oblivion (1995),1997-09-21 15:00:31
166,Manon of the Spring (Manon des sources) (1986),1997-09-21 15:01:02
651,Glory (1989),1997-09-21 15:01:21
52,"Madness of King George, The (1994)",1997-09-21 15:02:41
654,Chinatown (1974),1997-09-21 15:05:38
467,"Bronx Tale, A (1993)",1997-09-21 15:07:59
10,Richard III (1995),1997-09-21 17:25:34
694,Persuasion (1995),1997-09-21 17:29:26
513,"Third Man, The (1949)",1997-09-21 17:30:35
1555,"Secret Adventures of Tom Thumb, The (1993)",1997-09-21 17:32:35
664,"Paris, Texas (1984)",1997-09-21 17:35:36
165,Jean de Florette (1986),1997-09-21 17:37:16
1441,Moonlight and Valentino (1995),1997-09-21 17:37:16
1099,"Red Firecracker, Green Firecracker (1994)",1997-09-21 17:44:38
730,"Queen Margot (Reine Margot, La) (1994)",1997-09-21 17:52:26
114,Wallace & Gromit: The Best of Aardman Animation (1996),1997-09-21 17:52:26
163,"Return of the Pink Panther, The (1974)",1997-09-21 18:01:10
110,Operation Dumbo Drop (1995),1997-09-21 18:13:55
1619,All Things Fair (1996),1997-09-21 18:13:55
521,"Deer Hunter, The (1978)",1997-09-21 18:13:56
700,Miami Rhapsody (1995),1997-09-21 18:18:43
529,My Life as a Dog (Mitt liv som hund) (1985),1997-09-21 18:23:28
1524,Kaspar Hauser (1993),1997-09-21 18:25:19
737,Sirens (1994),1997-09-21 18:28:55
706,Bad Moon (1996),1997-09-21 18:49:45
670,Body Snatchers (1993),1997-09-21 18:49:45
563,Stephen King's The Langoliers (1995),1997-09-21 18:50:24
565,Village of the Damned (1995),1997-09-21 18:50:52
774,"Prophecy, The (1995)",1997-09-21 18:50:52
212,"Unbearable Lightness of Being, The (1988)",1997-09-21 18:53:47
1229,Poison Ivy II (1995),1997-09-21 18:53:47
48,Hoop Dreams (1994),1997-09-21 18:53:47
366,Dangerous Minds (1995),1997-09-21 18:57:35
84,Robert A. Heinlein's The Puppet Masters (1994),1997-09-21 18:58:47
555,White Man's Burden (1995),1997-09-21 19:03:49
1505,Killer: A Journal of Murder (1995),1997-09-21 19:04:07
1206,Amos & Andrew (1993),1997-09-21 19:52:31
1478,Dead Presidents (1995),1997-09-21 19:53:05
798,Bad Company (1995),1997-09-21 19:54:15
1139,Hackers (1995),1997-09-21 19:54:31
878,That Darn Cat! (1997),1997-09-21 20:13:32
137,Big Night (1996),1997-09-21 20:14:32
478,"Philadelphia Story, The (1940)",1997-09-21 20:17:47
1020,Gaslight (1944),1997-09-21 20:17:47
641,Paths of Glory (1957),1997-09-21 20:19:18
514,Annie Hall (1977),1997-09-21 20:21:27
140,Homeward Bound: The Incredible Journey (1993),1997-09-21 20:22:07
208,Young Frankenstein (1974),1997-09-21 20:23:43
604,It Happened One Night (1934),1997-09-21 20:25:28
490,To Catch a Thief (1955),1997-09-21 20:25:29
497,Bringing Up Baby (1938),1997-09-21 20:28:23
430,Duck Soup (1933),1997-09-21 20:28:23
657,"Manchurian Candidate, The (1962)",1997-09-21 20:29:05
542,Pocahontas (1995),1997-09-21 20:29:54
712,Tin Men (1987),1997-09-21 20:31:33
608,Spellbound (1945),1997-09-21 20:34:15
661,High Noon (1952),1997-09-21 20:38:28
503,"Candidate, The (1972)",1997-09-21 20:39:56
611,Laura (1944),1997-09-21 20:42:05
517,Manhattan (1979),1997-09-21 20:43:05
945,Charade (1963),1997-09-21 20:43:05
465,"Jungle Book, The (1994)",1997-09-21 20:43:50
972,Passion Fish (1992),1997-09-21 20:46:00
1219,"Goofy Movie, A (1995)",1997-09-21 20:46:00
205,Patton (1970),1997-09-21 20:46:00
855,Diva (1981),1997-09-21 20:46:42
607,Rebecca (1940),1997-09-21 20:47:31
646,Once Upon a Time in the West (1969),1997-09-21 20:49:07
836,Ninotchka (1939),1997-09-21 20:51:02
525,"Big Sleep, The (1946)",1997-09-21 21:14:46
792,Bullets Over Broadway (1994),1997-09-21 21:16:38
434,Forbidden Planet (1956),1997-09-21 21:16:39
94,Home Alone (1990),1997-09-21 21:16:39
489,Notorious (1946),1997-09-21 21:17:31
934,"Preacher's Wife, The (1996)",1997-09-22 14:26:52
167,Private Benjamin (1980),1997-09-22 14:28:11
1183,"Cowboy Way, The (1994)",1997-09-22 14:29:56
1037,Grease 2 (1982),1997-09-22 14:30:20
765,Boomerang (1992),1997-09-22 14:30:44
940,Airheads (1994),1997-09-22 14:31:04
577,Coneheads (1993),1997-09-22 14:31:45
1110,Tank Girl (1995),1997-09-22 14:32:08
1246,Bushwhacked (1995),1997-09-22 14:32:08
452,Jaws 2 (1978),1997-09-22 14:33:28
424,Children of the Corn: The Gathering (1996),1997-09-22 14:33:53
453,Jaws 3-D (1983),1997-09-22 14:33:53
441,"Amityville Horror, The (1979)",1997-09-22 14:33:53
676,"Crucible, The (1996)",1997-09-22 16:25:13
727,Immortal Beloved (1994),1997-09-22 17:03:14
640,"Cook the Thief His Wife & Her Lover, The (1989)",1997-09-22 17:05:23
1039,Hamlet (1996),1997-09-22 17:11:43
967,Little Lord Fauntleroy (1936),1997-09-22 17:13:46
842,Pollyanna (1960),1997-09-22 17:15:13
616,Night of the Living Dead (1968),1997-09-22 17:21:30
394,Radioland Murders (1994),1997-09-22 17:25:16
1018,Tie Me Up! Tie Me Down! (1990),1997-09-22 17:48:56
326,G.I. Jane (1997),1997-09-22 17:54:49
872,Love Jones (1997),1997-09-22 17:54:49
299,Hoodlum (1997),1997-09-22 17:55:31
873,Picture Perfect (1997),1997-09-22 17:55:32
995,"Kiss Me, Guido (1997)",1997-09-22 17:55:32
688,Leave It to Beaver (1997),1997-09-22 17:56:12
321,Mother (1996),1997-09-22 17:56:12
877,Excess Baggage (1997),1997-09-22 17:56:12
680,Kull the Conqueror (1997),1997-09-22 17:56:12
875,She's So Lovely (1997),1997-09-22 17:56:45
874,Career Girls (1997),1997-09-22 17:56:45
261,Air Bud (1997),1997-09-22 17:56:46
809,Rising Sun (1993),1997-09-22 17:57:09
243,Jungle2Jungle (1997),1997-09-22 17:57:19
991,Keys to Tulsa (1997),1997-09-22 17:57:19
989,Cats Don't Dance (1997),1997-09-22 17:57:19
990,Anna Karenina (1997),1997-09-22 17:57:19
263,Steel (1997),1997-09-22 17:57:20
330,187 (1997),1997-09-22 17:57:20
457,Free Willy 3: The Rescue (1997),1997-09-22 17:57:34
948,Booty Call (1997),1997-09-22 17:57:34
301,In & Out (1997),1997-09-22 17:57:34
994,"Last Time I Committed Suicide, The (1997)",1997-09-22 17:58:24
103,All Dogs Go to Heaven 2 (1996),1997-09-22 18:00:45
370,Mary Reilly (1996),1997-09-22 18:01:33
758,Lawnmower Man 2: Beyond Cyberspace (1996),1997-09-22 18:01:54
767,"Addiction, The (1995)",1997-09-22 18:01:54
992,Head Above Water (1996),1997-09-22 18:02:29
980,Mother Night (1996),1997-09-22 18:02:29
981,Dangerous Ground (1997),1997-09-22 18:03:02
979,"Trigger Effect, The (1996)",1997-09-22 18:03:36
925,Unforgettable (1996),1997-09-22 18:04:07
978,Heaven's Prisoners (1996),1997-09-22 18:04:43
987,Underworld (1997),1997-09-22 18:06:56
596,"Hunchback of Notre Dame, The (1996)",1997-09-22 18:06:57
242,Kolya (1996),1997-09-22 18:06:57
671,Bride of Frankenstein (1935),1997-09-22 18:07:37
445,"Body Snatcher, The (1945)",1997-09-22 18:07:38
853,Braindead (1992),1997-09-22 18:07:38
320,Paradise Lost: The Child Murders at Robin Hood Hills (1996),1997-09-22 18:07:38
637,"Howling, The (1981)",1997-09-22 18:08:15
817,Frisk (1995),1997-09-22 18:08:15
944,Renaissance Man (1994),1997-09-22 18:08:34
708,"Sex, Lies, and Videotape (1989)",1997-09-22 18:08:34
635,"Fog, The (1980)",1997-09-22 18:08:47
668,Blood Beach (1981),1997-09-22 18:09:21
673,Cape Fear (1962),1997-09-22 18:09:42
839,Loch Ness (1995),1997-09-22 18:09:57
656,M (1931),1997-09-22 18:09:57
440,Amityville II: The Possession (1982),1997-09-22 18:09:58
439,Amityville: A New Generation (1993),1997-09-22 18:10:20
858,Amityville: Dollhouse (1996),1997-09-22 18:10:58
438,Amityville 3-D (1983),1997-09-22 18:10:58
437,Amityville 1992: It's About Time (1992),1997-09-22 18:10:58
444,"Blob, The (1958)",1997-09-22 18:10:59
859,April Fool's Day (1986),1997-09-22 18:10:59
674,Cat People (1982),1997-09-22 18:11:37
675,"Nosferatu (Nosferatu, eine Symphonie des Grauens) (1922)",1997-09-22 18:11:37
590,Hellraiser: Bloodline (1996),1997-09-22 18:11:38
769,Congo (1995),1997-09-22 18:11:56
864,My Fellow Americans (1996),1997-09-22 18:39:55
1142,When We Were Kings (1996),1997-09-22 18:39:55
534,Traveller (1997),1997-09-22 18:42:08
248,Grosse Pointe Blank (1997),1997-09-22 18:42:49
20,Angels and Insects (1995),1997-09-22 18:59:23
1007,Waiting for Guffman (1996),1997-09-22 18:59:23
535,Addicted to Love (1997),1997-09-22 19:00:14
625,"Sword in the Stone, The (1963)",1997-09-22 19:28:36
699,Little Women (1994),1997-09-22 19:29:46
1043,Rent-a-Kid (1995),1997-09-22 19:33:08
738,Threesome (1994),1997-09-22 19:34:01
49,I.Q. (1994),1997-09-22 19:34:32
376,Houseguest (1994),1997-09-22 19:35:03
996,"Big Green, The (1995)",1997-09-22 19:35:03
1036,Drop Dead Fred (1991),1997-09-22 19:36:21
395,Robin Hood: Men in Tights (1993),1997-09-22 19:36:45
26,"Brothers McMullen, The (1995)",1997-09-22 19:37:33
722,Nine Months (1995),1997-09-22 19:38:06
1178,Major Payne (1994),1997-09-22 19:38:06
416,Old Yeller (1957),1997-09-22 19:38:33
1480,Herbie Rides Again (1974),1997-09-22 19:39:21
400,"Little Rascals, The (1994)",1997-09-22 19:39:39
78,Free Willy (1993),1997-09-22 19:40:07
955,Before Sunrise (1995),1997-09-22 19:41:33
1029,Jury Duty (1995),1997-09-22 21:20:10
810,"Shadow, The (1994)",1997-09-22 21:44:17
253,"Pillow Book, The (1995)",1997-09-22 22:06:10
1145,Blue Chips (1994),1997-09-23 01:11:55
586,Terminal Velocity (1994),1997-09-23 01:18:32
1413,Street Fighter (1994),1997-09-23 01:18:33
101,Heavy Metal (1981),1997-09-23 01:19:15
487,Roman Holiday (1953),1997-09-23 03:11:55
152,Sleeper (1973),1997-09-23 03:12:21
1103,Trust (1990),1997-09-23 03:13:15
1368,Mina Tannenbaum (1994),1997-09-23 03:15:07
952,Blue in the Face (1995),1997-09-23 03:16:59
1160,Love! Valour! Compassion! (1997),1997-09-23 03:19:11
149,Jude (1996),1997-09-23 03:19:48
1094,"Thin Line Between Love and Hate, A (1996)",1997-09-23 03:21:13
1258,Trial and Error (1997),1997-09-23 08:21:35
960,Naked (1993),1997-09-23 15:22:23
6,Shanghai Triad (Yao a yao yao dao waipo qiao) (1995),1997-09-23 15:22:45
1158,"Fille seule, La (A Single Girl) (1995)",1997-09-23 15:23:10
1386,Tetsuo II: Body Hammer (1992),1997-09-23 17:27:40
1187,Switchblade Sisters (1975),1997-09-23 17:30:50
1353,1-900 (1994),1997-09-23 17:31:25
1335,American Buffalo (1996),1997-09-23 18:13:53
589,"Wild Bunch, The (1969)",1997-09-23 18:20:07
1019,"Die xue shuang xiong (Killer, The) (1989)",1997-09-23 18:23:59
1154,Alphaville (1965),1997-09-23 18:25:01
923,Raise the Red Lantern (1991),1997-09-23 18:25:53
645,Paris Is Burning (1990),1997-09-23 18:30:16
519,"Treasure of the Sierra Madre, The (1948)",1997-09-23 19:21:06
650,"Seventh Seal, The (Sjunde inseglet, Det) (1957)",1997-09-23 19:53:20
131,Breakfast at Tiffany's (1961),1997-09-23 21:41:05
146,Unhook the Stars (1996),1997-09-24 03:26:01
632,Sophie's Choice (1982),1997-09-24 03:26:21
251,Shall We Dance? (1996),1997-09-24 03:30:43
1263,Foxfire (1996),1997-09-24 03:31:31
130,Kansas City (1996),1997-09-24 03:33:22
764,If Lucy Fell (1996),1997-09-24 03:34:47
485,My Fair Lady (1964),1997-09-24 03:34:47
190,Henry V (1989),1997-09-24 03:35:25
1041,Forget Paris (1995),1997-09-24 03:38:48
36,Mad Love (1995),1997-09-24 03:53:00
468,Rudy (1993),1997-09-24 03:55:29
1209,Mixed Nuts (1994),1997-09-24 07:31:48
1098,Flirting With Disaster (1996),1997-09-24 07:32:10
998,Cabin Boy (1994),1997-09-24 07:38:48
1489,Chasers (1994),1997-09-24 07:39:26
801,"Air Up There, The (1994)",1997-09-24 07:39:26
1305,National Lampoon's Senior Trip (1995),1997-09-24 07:39:26
1078,Oliver & Company (1988),1997-09-24 07:42:00
1248,Blink (1994),1997-09-24 07:53:54
574,Boxing Helena (1993),1997-09-24 07:54:16
1210,Virtuosity (1995),1997-09-24 07:54:16
1365,Johnny 100 Pesos (1993),1997-09-24 12:38:38
371,"Bridges of Madison County, The (1995)",1997-09-24 16:02:44
477,Matilda (1996),1997-09-24 19:40:27
926,Down Periscope (1996),1997-09-24 19:41:40
922,Dead Man (1995),1997-09-24 19:42:53
614,Giant (1956),1997-09-24 20:05:39
1427,Drunks (1995),1997-09-24 20:12:54
1231,Marked for Death (1990),1997-09-24 20:17:17
1181,"Low Down Dirty Shame, A (1994)",1997-09-24 20:37:38
745,"Ruling Class, The (1972)",1997-09-24 20:47:43
1071,Party Girl (1995),1997-09-24 20:49:10
45,Eat Drink Man Woman (1994),1997-09-25 00:36:40
488,Sunset Blvd. (1950),1997-09-25 00:43:16
374,Mighty Morphin Power Rangers: The Movie (1995),1997-09-25 19:56:32
649,Once Upon a Time in America (1984),1997-09-25 21:49:38
861,Nosferatu a Venezia (1986),1997-09-25 21:51:49
667,Audrey Rose (1977),1997-09-25 21:53:01
1597,Romper Stomper (1992),1997-09-25 22:06:33
1214,In the Realm of the Senses (Ai no corrida) (1976),1997-09-25 22:06:33
1628,Lamerica (1994),1997-09-25 22:06:59
1133,Escape to Witch Mountain (1975),1997-09-26 01:11:21
480,North by Northwest (1959),1997-09-26 01:55:23
736,Shadowlands (1993),1997-09-26 02:12:55
1136,Ghosts of Mississippi (1996),1997-09-26 02:14:13
107,Moll Flanders (1996),1997-09-26 02:40:19
247,Turbo: A Power Rangers Movie (1997),1997-09-26 02:40:19
847,Looking for Richard (1996),1997-09-26 03:20:51
1134,Get on the Bus (1996),1997-09-26 03:24:49
695,Kicking and Screaming (1995),1997-09-26 03:49:36
1437,House Party 3 (1994),1997-09-26 03:52:47
633,"Christmas Carol, A (1938)",1997-09-26 04:00:59
1185,In the Army Now (1994),1997-09-26 04:05:10
1208,Kiss of Death (1995),1997-09-26 04:19:25
1250,Best of the Best 3: No Turning Back (1995),1997-09-26 04:24:15
491,"Adventures of Robin Hood, The (1938)",1997-09-26 08:05:00
615,"39 Steps, The (1935)",1997-09-26 08:09:10
1222,Judgment Night (1993),1997-09-26 08:51:17
932,First Kid (1996),1997-09-26 09:05:52
659,Arsenic and Old Lace (1944),1997-09-26 09:33:35
1283,Out to Sea (1997),1997-09-26 10:48:23
1279,Wild America (1997),1997-09-26 10:48:23
1033,Homeward Bound II: Lost in San Francisco (1996),1997-09-26 10:48:23
1057,"Pallbearer, The (1996)",1997-09-26 10:55:12
1087,Bloodsport 2 (1995),1997-09-26 10:55:57
1292,"Simple Wish, A (1997)",1997-09-26 10:55:57
1132,Feeling Minnesota (1996),1997-09-26 10:58:42
1001,"Stupids, The (1996)",1997-09-26 11:00:07
1289,Jack and Sarah (1995),1997-09-26 11:01:00
620,"Chamber, The (1996)",1997-09-26 11:01:00
1212,Flesh and Bone (1993),1997-09-26 11:09:56
1290,Country Life (1994),1997-09-26 11:18:52
740,Jane Eyre (1996),1997-09-26 11:19:46
821,Mrs. Winterbourne (1996),1997-09-26 11:20:33
278,Bed of Roses (1996),1997-09-26 11:21:11
869,Fools Rush In (1997),1997-09-26 11:22:06
648,"Quiet Man, The (1952)",1997-09-26 11:28:12
297,Ulee's Gold (1997),1997-09-26 13:27:42
1008,I Shot Andy Warhol (1996),1997-09-26 14:24:03
1051,"Associate, The (1996)",1997-09-26 14:37:15
963,Some Folks Call It a Sling Blade (1993),1997-09-26 15:00:36
377,Heavyweights (1994),1997-09-26 15:41:43
1152,In Love and War (1996),1997-09-26 15:43:32
1048,She's the One (1996),1997-09-26 15:51:53
1137,Beautiful Thing (1996),1997-09-26 15:52:50
112,Flipper (1996),1997-09-26 15:56:57
16,French Twist (Gazon maudit) (1995),1997-09-26 15:58:53
1284,Before and After (1996),1997-09-26 15:59:26
1315,Inventing the Abbotts (1997),1997-09-26 16:00:11
832,Bogus (1996),1997-09-26 16:02:06
1278,Selena (1997),1997-09-26 16:02:41
612,Lost Horizon (1937),1997-09-26 17:22:29
507,"Streetcar Named Desire, A (1951)",1997-09-26 17:36:52
1089,Speed 2: Cruise Control (1997),1997-09-26 17:40:16
1023,Fathers' Day (1997),1997-09-26 17:42:52
1282,"Grass Harp, The (1995)",1997-09-26 17:50:34
1291,Celtic Pride (1996),1997-09-26 18:15:08
1093,Live Nude Girls (1995),1997-09-26 18:25:30
1336,Kazaam (1996),1997-09-26 18:25:53
532,Kama Sutra: A Tale of Love (1996),1997-09-26 18:29:57
372,Jeffrey (1995),1997-09-26 19:11:38
1168,Little Buddha (1993),1997-09-26 19:29:15
1063,"Little Princess, A (1995)",1997-09-26 19:51:42
644,"Thin Blue Line, The (1988)",1997-09-26 20:42:32
482,Some Like It Hot (1959),1997-09-26 20:43:33
1500,Santa with Muscles (1996),1997-09-26 20:43:33
1484,"Jerky Boys, The (1994)",1997-09-26 20:59:47
719,Canadian Bacon (1994),1997-09-26 21:10:22
1266,Bread and Chocolate (Pane e cioccolata) (1973),1997-09-26 21:20:43
702,Barcelona (1994),1997-09-26 21:36:00
464,Vanya on 42nd Street (1994),1997-09-26 21:40:41
1121,"Umbrellas of Cherbourg, The (Parapluies de Cherbourg, Les) (1964)",1997-09-26 21:41:41
502,Bananas (1971),1997-09-26 21:44:23
1065,Koyaanisqatsi (1983),1997-09-26 21:53:44
1195,Strawberry and Chocolate (Fresa y chocolate) (1993),1997-09-26 22:18:59
638,"Return of Martin Guerre, The (Retour de Martin Guerre, Le) (1982)",1997-09-26 22:20:41
1490,Fausto (1993),1997-09-26 22:29:07
1444,That Darn Cat! (1965),1997-09-26 22:35:51
630,"Great Race, The (1965)",1997-09-26 22:35:51
862,Jingle All the Way (1996),1997-09-26 22:40:46
1481,S.F.W. (1994),1997-09-26 22:45:25
1486,Girl in the Cadillac (1995),1997-09-26 22:47:56
1487,Even Cowgirls Get the Blues (1993),1997-09-26 22:47:56
725,Exit to Eden (1994),1997-09-26 22:49:04
971,Mediterraneo (1991),1997-09-26 22:50:31
1000,Lightning Jack (1994),1997-09-26 22:51:53
1162,Phat Beach (1996),1997-09-26 22:52:14
1182,Cops and Robbersons (1994),1997-09-26 22:52:50
1163,"Portrait of a Lady, The (1996)",1997-09-26 23:57:46
950,Georgia (1995),1997-09-27 00:00:23
818,Girl 6 (1996),1997-09-27 00:01:28
1128,Heidi Fleiss: Hollywood Madam (1995) ,1997-09-27 00:02:16
1300,'Til There Was You (1997),1997-09-27 00:02:36
1528,Nowhere (1997),1997-09-27 00:03:05
846,To Gillian on Her 37th Birthday (1996),1997-09-27 00:04:48
606,All About Eve (1950),1997-09-27 00:08:02
965,Funny Face (1957),1997-09-27 00:13:15
723,Boys on the Side (1995),1997-09-27 00:20:59
1170,Spanking the Monkey (1994),1997-09-27 00:20:59
1166,Love & Human Remains (1993),1997-09-27 00:22:25
1167,"Sum of Us, The (1994)",1997-09-27 00:24:14
499,Cat on a Hot Tin Roof (1958),1997-09-27 00:25:12
279,Once Upon a Time... When We Were Colored (1995),1997-09-27 00:34:22
921,Farewell My Concubine (1993),1997-09-27 01:46:52
1251,A Chef in Love (1996),1997-09-27 01:56:17
1534,Twin Town (1997),1997-09-27 06:29:18
936,Brassed Off (1996),1997-09-27 06:51:07
1095,High School High (1996),1997-09-27 16:54:47
1052,Dracula: Dead and Loving It (1995),1997-09-27 16:56:59
841,"Glimmer Man, The (1996)",1997-09-27 19:32:00
302,L.A. Confidential (1997),1997-09-28 01:08:54
1296,Indian Summer (1996),1997-09-28 01:08:55
267,unknown,1997-09-28 01:12:19
34,"Doom Generation, The (1995)",1997-09-28 01:28:44
333,"Game, The (1997)",1997-09-28 06:10:21
1383,"Second Jungle Book: Mowgli & Baloo, The (1997)",1997-09-28 06:33:37
879,"Peacemaker, The (1997)",1997-09-28 06:47:13
268,Chasing Amy (1997),1997-09-28 10:04:45
266,Kull the Conqueror (1997),1997-09-28 10:14:00
881,Money Talks (1997),1997-09-28 15:05:27
332,Kiss the Girls (1997),1997-09-28 15:07:17
1025,Fire Down Below (1997),1997-09-28 15:07:17
937,"Thousand Acres, A (1997)",1997-09-28 15:07:17
1115,Twelfth Night (1996),1997-09-28 16:07:06
609,Father of the Bride (1950),1997-09-28 16:07:06
682,I Know What You Did Last Summer (1997),1997-09-28 16:24:51
942,What's Love Got to Do with It (1993),1997-09-28 21:33:16
1311,Waiting to Exhale (1995),1997-09-28 21:42:19
1522,Trial by Jury (1994),1997-09-28 21:54:30
335,How to Be a Player (1997),1997-09-29 00:14:26
304,Fly Away Home (1996),1997-09-29 02:47:34
828,Alaska (1996),1997-09-29 04:42:49
958,To Live (Huozhe) (1994),1997-09-29 04:46:12
997,Stuart Saves His Family (1995),1997-09-29 04:51:33
1225,Angus (1995),1997-09-29 04:53:37
1172,"Women, The (1939)",1997-09-29 13:14:24
500,Fly Away Home (1996),1997-09-29 14:24:28
524,"Great Dictator, The (1940)",1997-09-29 14:25:53
493,"Thin Man, The (1934)",1997-09-29 17:01:36
280,Up Close and Personal (1996),1997-09-29 17:35:23
1204,To Be or Not to Be (1942),1997-09-29 19:09:10
805,Manhattan Murder Mystery (1993),1997-09-29 19:47:21
368,Bio-Dome (1996),1997-09-30 16:04:17
390,Fear of a Black Hat (1993),1997-09-30 16:19:00
422,Aladdin and the King of Thieves (1996),1997-09-30 16:26:07
306,"Mrs. Brown (Her Majesty, Mrs. Brown) (1997)",1997-09-30 16:35:29
1102,Two Much (1996),1997-09-30 16:41:20
1164,Zeus and Roxanne (1997),1997-09-30 16:42:24
1049,House Arrest (1996),1997-09-30 16:49:10
1224,"Scout, The (1994)",1997-09-30 17:00:42
1544,It Takes Two (1995),1997-09-30 17:02:05
1032,Little Big League (1994),1997-09-30 17:06:52
602,"American in Paris, An (1951)",1997-09-30 17:07:40
953,Unstrung Heroes (1995),1997-09-30 17:08:10
1003,That Darn Cat! (1997),1997-09-30 17:11:18
1411,Barbarella (1968),1997-09-30 17:14:16
1435,"Steal Big, Steal Little (1995)",1997-09-30 17:17:16
115,"Haunted World of Edward D. Wood Jr., The (1995)",1997-09-30 21:15:25
947,"Big Blue, The (Grand bleu, Le) (1988)",1997-09-30 21:28:49
481,"Apartment, The (1960)",1997-09-30 22:44:01
1030,"Beverly Hillbillies, The (1993)",1997-09-30 22:49:21
1488,Germinal (1993),1997-09-30 22:52:04
1247,Bad Girls (1994),1997-09-30 22:52:04
1271,North (1994),1997-09-30 22:53:19
587,"Hour of the Pig, The (1993)",1997-09-30 23:00:08
704,"House of the Spirits, The (1993)",1997-09-30 23:42:59
303,Ulee's Gold (1997),1997-10-01 00:06:05
1159,Stalker (1979),1997-10-01 00:29:47
775,Something to Talk About (1995),1997-10-01 02:29:09
793,Crooklyn (1994),1997-10-01 04:30:58
269,"Full Monty, The (1997)",1997-10-01 12:09:06
1450,Golden Earrings (1947),1997-10-01 14:55:17
837,Meet John Doe (1941),1997-10-01 15:10:14
446,Burnt Offerings (1976),1997-10-01 15:47:25
454,Bastard Out of Carolina (1996),1997-10-01 15:57:12
1126,"Old Man and the Sea, The (1958)",1997-10-01 16:15:33
1600,Guantanamera (1994),1997-10-01 16:27:46
1050,"Ghost and Mrs. Muir, The (1947)",1997-10-01 17:25:59
1269,Love in the Afternoon (1957),1997-10-01 17:26:33
1455,"Outlaw, The (1943)",1997-10-01 17:31:01
605,Meet Me in St. Louis (1944),1997-10-01 17:38:33
1205,"Secret Agent, The (1996)",1997-10-01 17:39:10
617,"Blue Angel, The (Blaue Engel, Der) (1930)",1997-10-01 17:49:41
331,"Edge, The (1997)",1997-10-01 17:58:22
1203,Top Hat (1935),1997-10-01 18:11:29
610,Gigi (1958),1997-10-01 18:19:43
1276,Sunset Park (1996),1997-10-01 18:30:01
1254,Gone Fishin' (1997),1997-10-01 18:34:55
1287,Ed (1996),1997-10-01 18:38:25
1540,"Amazing Panda Adventure, The (1995)",1997-10-01 18:45:29
1676,"War at Home, The (1996)",1997-10-01 18:47:54
1477,Nightwatch (1997),1997-10-01 21:51:20
1002,"Pest, The (1997)",1997-10-01 22:00:16
1517,Race the Sun (1996),1997-10-01 22:06:45
1249,For Love or Money (1993),1997-10-01 22:09:53
579,Fatal Instinct (1993),1997-10-01 22:13:41
1054,Mr. Wrong (1996),1997-10-01 22:14:11
804,Jimmy Hollywood (1994),1997-10-01 22:20:16
797,Timecop (1994),1997-10-01 22:21:52
1151,Original Gangstas (1996),1997-10-01 22:23:04
1138,Best Men (1997),1997-10-01 23:16:29
1381,Losing Chase (1996),1997-10-02 00:34:16
1085,Carried Away (1996),1997-10-02 00:41:17
1664,8 Heads in a Duffel Bag (1997),1997-10-02 00:41:42
681,Wishmaster (1997),1997-10-02 14:08:35
778,Don Juan DeMarco (1995),1997-10-02 16:57:37
494,His Girl Friday (1940),1997-10-02 17:25:42
1403,Caro Diario (Dear Diary) (1994),1997-10-03 10:41:12
1446,"Bye Bye, Love (1995)",1997-10-03 21:41:38
1509,Getting Even with Dad (1994),1997-10-03 21:45:55
1270,Life with Mikey (1993),1997-10-03 21:46:30
1425,I'll Do Anything (1994),1997-10-03 21:48:37
1297,Love Affair (1994),1997-10-03 22:08:25
1114,Faithful (1996),1997-10-03 23:20:23
787,Roommates (1995),1997-10-03 23:28:03
690,Seven Years in Tibet (1997),1997-10-04 02:15:09
1252,"Contempt (Mépris, Le) (1963)",1997-10-04 03:26:50
639,"Tin Drum, The (Blechtrommel, Die) (1979)",1997-10-04 06:34:41
1268,Bitter Moon (1992),1997-10-04 06:41:36
1088,Double Team (1997),1997-10-04 10:54:14
1045,Fearless (1993),1997-10-04 11:39:31
1058,"War, The (1994)",1997-10-04 15:48:01
548,"NeverEnding Story III, The (1994)",1997-10-04 16:34:27
1324,Loaded (1994),1997-10-05 06:18:28
733,Go Fish (1994),1997-10-05 06:26:16
799,Boys Life (1995),1997-10-05 06:29:33
726,Fluke (1995),1997-10-05 06:35:40
1467,"Saint of Fort Washington, The (1993)",1997-10-05 06:46:27
1421,My Crazy Life (Mi vida loca) (1993),1997-10-05 06:49:34
1286,Shall We Dance? (1937),1997-10-05 15:29:42
1401,M. Butterfly (1993),1997-10-05 15:31:39
1459,Madame Butterfly (1995),1997-10-05 16:02:56
1614,"Reluctant Debutante, The (1958)",1997-10-05 16:58:10
1473,"Little Princess, The (1939)",1997-10-05 17:29:08
1211,Blue Sky (1994),1997-10-06 22:03:15
1066,Balto (1995),1997-10-06 22:03:47
1076,"Pagemaster, The (1994)",1997-10-06 22:14:03
1285,Princess Caraboo (1994),1997-10-06 22:35:30
703,Widows' Peak (1994),1997-10-06 22:36:54
1539,Being Human (1993),1997-10-06 22:43:59
1272,Talking About Sex (1994),1997-10-07 02:09:20
1558,Aparajito (1956),1997-10-07 02:15:11
1275,Killer (Bulletproof Heart) (1994),1997-10-07 19:24:48
1410,Harlem (1993),1997-10-08 07:59:37
1255,Broken English (1996),1997-10-08 08:22:12
1230,Ready to Wear (Pret-A-Porter) (1994),1997-10-08 20:33:42
1615,Warriors of Virtue (1997),1997-10-08 22:01:47
1044,"Paper, The (1994)",1997-10-08 22:10:39
1116,"Mark of Zorro, The (1940)",1997-10-08 22:49:04
1262,Walking and Talking (1996),1997-10-09 07:40:12
334,U Turn (1997),1997-10-09 13:07:48
536,Ponette (1996),1997-10-09 13:21:50
1117,Surviving Picasso (1996),1997-10-09 13:26:03
1112,Cobb (1994),1997-10-09 14:11:54
1107,Beyond Rangoon (1995),1997-10-09 14:22:57
1216,Kissed (1996),1997-10-10 03:03:02
1257,"Designated Mourner, The (1997)",1997-10-10 03:04:11
1082,Female Perversions (1996),1997-10-10 03:12:51
1256,"Designated Mourner, The (1997)",1997-10-10 03:13:42
1226,Night Falls on Manhattan (1997),1997-10-10 03:28:10
1422,Suture (1993),1997-10-10 06:34:34
964,"Month by the Lake, A (1995)",1997-10-10 06:35:35
1514,Dream With the Fishes (1997),1997-10-10 17:30:14
1476,Raw Deal (1948),1997-10-10 20:04:57
37,Nadja (1994),1997-10-10 20:06:42
1288,Denise Calls Up (1995),1997-10-10 22:21:54
1124,"Farewell to Arms, A (1932)",1997-10-11 02:57:07
601,For Whom the Bell Tolls (1943),1997-10-11 03:06:26
1177,Dunston Checks In (1996),1997-10-11 03:10:18
966,"Affair to Remember, An (1957)",1997-10-11 05:21:51
570,Wyatt Earp (1994),1997-10-11 05:27:54
880,Soul Food (1997),1997-10-12 18:25:23
920,Two Bits (1995),1997-10-14 10:15:21
1223,King of the Hill (1993),1997-10-14 20:43:19
119,Maya Lin: A Strong Clear Vision (1994),1997-10-15 05:24:58
1174,Caught (1996),1997-10-15 05:56:21
714,Carrington (1995),1997-10-15 22:36:05
1148,Tom & Viv (1994),1997-10-15 22:37:22
543,"Misérables, Les (1995)",1997-10-16 00:17:56
1113,Mrs. Parker and the Vicious Circle (1994),1997-10-17 14:52:48
621,"Davy Crockett, King of the Wild Frontier (1955)",1997-10-17 15:50:49
1147,My Family (1995),1997-10-17 16:01:55
1530,Jefferson in Paris (1995),1997-10-17 16:52:18
956,Nobody's Fool (1994),1997-10-17 17:05:14
556,Wild Bill (1995),1997-10-17 17:41:00
598,"Big Squeeze, The (1996)",1997-10-17 18:14:36
1620,"Sixth Man, The (1997)",1997-10-17 22:19:03
1120,I'm Not Rappaport (1996),1997-10-17 22:23:41
1605,Love Serenade (1996),1997-10-17 22:24:12
1389,Mondo (1996),1997-10-17 22:24:12
1643,Angel Baby (1995),1997-10-17 23:21:13
35,Free Willy 2: The Adventure Home (1995),1997-10-17 23:41:25
1295,Kicked in the Head (1997),1997-10-18 01:13:34
1026,"Lay of the Land, The (1997)",1997-10-18 01:13:34
305,"Ice Storm, The (1997)",1997-10-18 01:14:45
749,"MatchMaker, The (1997)",1997-10-18 01:15:59
938,"Smile Like Yours, A (1997)",1997-10-18 01:15:59
359,"Assignment, The (1997)",1997-10-18 01:15:59
1392,"Locusts, The (1997)",1997-10-18 01:19:58
1393,Stag (1997),1997-10-18 01:19:58
1265,Star Maps (1997),1997-10-18 01:37:41
1442,"Scarlet Letter, The (1995)",1997-10-18 04:11:12
811,Thirty-Two Short Films About Glenn Gould (1993),1997-10-18 17:39:44
868,Hearts and Minds (1996),1997-10-18 17:42:47
1100,What Happened Was... (1994),1997-10-18 17:43:54
1375,"Cement Garden, The (1993)",1997-10-19 01:47:40
1347,"Ballad of Narayama, The (Narayama Bushiko) (1958)",1997-10-19 01:54:07
1417,"Turning, The (1992)",1997-10-19 07:36:00
870,Touch (1997),1997-10-20 22:13:35
593,Stalingrad (1993),1997-10-20 22:35:23
1474,Nina Takes a Lover (1994),1997-10-20 22:39:55
1075,"Man of No Importance, A (1994)",1997-10-22 14:59:45
766,Man of the Year (1995),1997-10-22 15:22:04
1504,"Bewegte Mann, Der (1994)",1997-10-22 15:41:43
999,Clean Slate (1994),1997-10-25 05:31:56
1327,Captives (1994),1997-10-25 19:38:01
1161,Palookaville (1996),1997-10-25 22:47:53
1298,"Band Wagon, The (1953)",1997-10-26 02:45:23
618,Picnic (1955),1997-10-26 02:45:57
1068,"Star Maker, The (Uomo delle stelle, L') (1995)",1997-10-26 14:53:20
1322,Metisse (Café au Lait) (1993),1997-10-26 15:00:01
1379,Love and Other Catastrophes (1996),1997-10-26 15:01:20
1378,Rhyme & Reason (1997),1997-10-26 15:11:54
18,"White Balloon, The (1995)",1997-10-26 15:12:19
1350,Crows and Sparrows (1949),1997-10-26 15:12:52
970,Hear My Song (1991),1997-10-26 15:39:10
1507,Three Lives and Only One Death (1996),1997-10-26 15:52:50
505,Dial M for Murder (1954),1997-10-26 17:27:26
1150,Last Dance (1996),1997-10-26 17:30:02
701,"Wonderful, Horrible Life of Leni Riefenstahl, The (1993)",1997-10-26 18:00:12
711,"Substance of Fire, The (1996)",1997-10-26 18:00:12
698,"Browning Version, The (1994)",1997-10-26 18:01:17
791,"Baby-Sitters Club, The (1995)",1997-10-26 18:09:58
1518,Losing Isaiah (1995),1997-10-26 18:43:46
1520,"Fear, The (1995)",1997-10-26 18:54:12
808,"Program, The (1993)",1997-10-26 18:54:12
1519,New Jersey Drive (1995),1997-10-26 18:56:21
1165,Big Bully (1996),1997-10-26 19:02:46
835,"Gay Divorcee, The (1934)",1997-10-26 23:05:57
1125,"Innocents, The (1961)",1997-10-26 23:08:01
954,Unzipped (1995),1997-10-26 23:14:31
1015,Shiloh (1997),1997-10-27 00:07:02
1180,I Love Trouble (1994),1997-10-27 06:55:06
1299,Penny Serenade (1941),1997-10-27 17:55:05
307,"Devil's Advocate, The (1997)",1997-10-27 20:35:46
1280,Gang Related (1997),1997-10-27 20:38:54
270,Gattaca (1997),1997-10-27 20:38:54
1333,Midnight Dancers (Sibak) (1994),1997-10-27 23:40:15
1331,"Last Klezmer: Leopold Kozlowski, His Life and Music, The (1995)",1997-10-27 23:41:13
867,"Whole Wide World, The (1996)",1997-10-28 17:18:57
336,Playing God (1997),1997-10-28 22:34:16
1143,Hard Eight (1996),1997-10-29 20:34:02
1439,Jason's Lyric (1994),1997-10-30 03:59:11
1440,Above the Rim (1994),1997-10-30 04:11:37
1419,Highlander III: The Sorcerer (1994),1997-10-30 04:15:47
1436,Mr. Jones (1993),1997-10-30 06:06:14
1227,"Awfully Big Adventure, An (1995)",1997-10-30 06:22:36
1506,Nelly & Monsieur Arnaud (1995),1997-10-30 06:24:40
1021,8 1/2 (1963),1997-10-30 06:25:21
1361,"Search for One-eye Jimmy, The (1996)",1997-10-31 01:39:37
1485,"Colonel Chabert, Le (1994)",1997-10-31 01:43:15
1598,City of Industry (1997),1997-11-01 03:31:28
113,"Horseman on the Roof, The (Hussard sur le toit, Le) (1995)",1997-11-03 07:38:58
75,Brother Minister: The Assassination of Malcolm X (1994),1997-11-03 07:47:18
613,My Man Godfrey (1936),1997-11-05 01:56:23
533,"Daytrippers, The (1996)",1997-11-05 05:51:48
1388,Gabbeh (1996),1997-11-05 05:56:05
296,"Promesse, La (1996)",1997-11-05 05:56:05
1662,Rough Magic (1995),1997-11-05 08:42:04
1596,Nemesis 2: Nebula (1995),1997-11-05 14:04:55
1595,Shopping (1994),1997-11-05 14:05:57
886,"Life Less Ordinary, A (1997)",1997-11-05 14:09:57
1301,Stripes (1981),1997-11-05 20:00:19
822,Faces (1968),1997-11-05 22:34:22
968,"Inspector General, The (1949)",1997-11-06 21:03:06
1092,Dear God (1996),1997-11-06 21:11:43
1326,Boys (1996),1997-11-06 22:20:38
683,Rocket Man (1997),1997-11-07 07:05:07
1400,Picture Bride (1995),1997-11-07 22:13:50
337,"House of Yes, The (1997)",1997-11-08 04:01:49
1395,Hurricane Streets (1998),1997-11-08 04:04:07
308,FairyTale: A True Story (1997),1997-11-08 04:04:07
883,Telling Lies in America (1997),1997-11-08 04:04:07
884,Year of the Horse (1997),1997-11-08 04:04:07
1394,Swept from the Sea (1997),1997-11-08 04:04:07
360,Wonderland (1997),1997-11-08 04:06:45
887,Eve's Bayou (1997),1997-11-08 04:06:45
1038,Switchback (1997),1997-11-08 04:06:45
882,Washington Square (1997),1997-11-08 04:06:46
885,Phantoms (1998),1997-11-08 04:06:46
1022,"Fast, Cheap & Out of Control (1997)",1997-11-08 04:06:46
1385,Roseanna's Grave (For Roseanna) (1997),1997-11-08 04:07:31
1330,An Unforgettable Summer (1994),1997-11-08 04:07:32
1384,Squeeze (1996),1997-11-08 04:07:32
1373,Good Morning (1971),1997-11-08 04:07:32
1390,"Innocent Sleep, The (1995)",1997-11-08 04:07:32
1173,Bliss (1997),1997-11-08 04:07:32
1339,Stefano Quantestorie (1993),1997-11-08 04:08:06
1367,Faust (1994),1997-11-08 04:08:06
1346,Dingo (1992),1997-11-08 04:08:06
1317,"Journey of August King, The (1995)",1997-11-08 04:08:06
1380,Hollow Reed (1996),1997-11-08 04:08:06
1323,"Wooden Man's Bride, The (Wu Kui) (1994)",1997-11-08 04:08:39
1387,Fall (1997),1997-11-08 04:08:39
1360,"Sexual Life of the Belgians, The (1994)",1997-11-08 04:08:39
1319,"Neon Bible, The (1995)",1997-11-08 04:08:40
1358,The Deadly Cure (1996),1997-11-08 04:08:40
1345,"Day the Sun Turned Cold, The (Tianguo niezi) (1994)",1997-11-08 04:09:28
1342,"Convent, The (Convento, O) (1995)",1997-11-08 04:09:28
1351,Lover's Knot (1996),1997-11-08 04:09:28
1391,For Ever Mozart (1996),1997-11-08 04:09:28
1382,"Bonheur, Le (1965)",1997-11-08 04:09:28
1341,Hedd Wyn (1992),1997-11-08 04:09:29
1369,"Forbidden Christ, The (Cristo proibito, Il) (1950)",1997-11-08 04:09:59
1343,Lotto Land (1995),1997-11-08 04:09:59
1359,Boys in Venice (1996),1997-11-08 04:10:00
1321,Open Season (1996),1997-11-08 04:10:00
1362,American Strays (1996),1997-11-08 04:10:00
1348,Every Other Weekend (1990),1997-11-08 04:10:00
1366,JLG/JLG - autoportrait de décembre (1994),1997-11-08 04:10:00
1328,Of Love and Shadows (1994),1997-11-08 04:10:40
1329,"Low Life, The (1994)",1997-11-08 04:10:40
1344,"Story of Xinghua, The (1993)",1997-11-08 04:10:40
1334,Somebody to Love (1994),1997-11-08 04:10:40
1340,"Crude Oasis, The (1995)",1997-11-08 04:10:40
1338,Two Deaths (1995),1997-11-08 04:10:40
1352,Shadow of Angels (Schatten der Engel) (1976),1997-11-08 04:10:40
1357,For the Moment (1994),1997-11-08 04:10:40
1371,"Machine, The (1994)",1997-11-08 04:10:40
1349,Mille bolle blu (1993),1997-11-08 04:11:18
1332,My Life and Times With Antonin Artaud (En compagnie d'Antonin Artaud) (1993),1997-11-08 04:11:18
1372,"Stranger, The (1994)",1997-11-08 04:11:19
1363,"Leopard Son, The (1996)",1997-11-08 04:11:19
1320,Homage (1995),1997-11-08 04:11:19
1242,"Old Lady Who Walked in the Sea, The (Vieille qui marchait dans la mer, La) (1991)",1997-11-08 04:12:29
1312,"Pompatus of Love, The (1996)",1997-11-08 04:12:29
1318,Catwalk (1995),1997-11-08 04:12:29
1374,Falling in Love Again (1980),1997-11-08 04:13:11
1364,Bird of Prey (1996),1997-11-08 04:14:24
1377,Hotel de Love (1996),1997-11-08 04:14:56
1354,Venice/Venice (1992),1997-11-08 04:14:56
1370,I Can't Sleep (J'ai pas sommeil) (1994),1997-11-08 04:15:50
1198,Purple Noon (1960),1997-11-08 04:16:25
1081,Curdled (1996),1997-11-08 04:17:03
927,"Flower of My Secret, The (Flor de mi secreto, La) (1995)",1997-11-08 04:17:55
1097,"Hate (Haine, La) (1995)",1997-11-08 04:18:40
1171,Wild Reeds (1994),1997-11-08 04:19:33
1325,August (1996),1997-11-08 04:20:16
1061,"Evening Star, The (1996)",1997-11-08 04:24:46
1355,Infinity (1996),1997-11-08 04:24:46
1356,Ed's Next Move (1996),1997-11-08 04:26:44
1281,Manny & Lo (1996),1997-11-08 04:27:21
442,"Amityville Curse, The (1990)",1997-11-10 21:54:58
1545,Frankie Starlight (1995),1997-11-11 13:13:46
271,Starship Troopers (1997),1997-11-12 02:46:03
863,"Garden of Finzi-Contini, The (Giardino dei Finzi-Contini, Il) (1970)",1997-11-12 03:04:23
890,Mortal Kombat: Annihilation (1997),1997-11-12 18:13:15
341,Critical Care (1997),1997-11-12 19:10:25
689,"Jackal, The (1997)",1997-11-12 19:11:13
338,Bean (1997),1997-11-12 19:11:13
340,Boogie Nights (1997),1997-11-12 19:59:04
865,"Ice Storm, The (1997)",1997-11-12 21:29:09
1192,"Boys of St. Vincent, The (1993)",1997-11-12 23:15:53
1130,Jupiter's Wife (1994),1997-11-12 23:18:06
754,Red Corner (1997),1997-11-13 12:50:57
309,Deceiver (1997),1997-11-13 15:15:32
1064,Crossfire (1947),1997-11-13 15:24:48
1451,Foreign Correspondent (1940),1997-11-13 15:42:02
310,"Rainmaker, The (1997)",1997-11-13 16:12:02
1176,Welcome To Sarajevo (1997),1997-11-13 16:35:10
311,"Wings of the Dove, The (1997)",1997-11-13 16:47:04
1536,Aiqing wansui (1994),1997-11-13 17:15:39
1069,Amateur (1994),1997-11-13 17:30:35
1495,Flirt (1995),1997-11-13 17:46:26
848,"Murder, My Sweet (1944)",1997-11-13 18:01:57
962,Ruby in Paradise (1993),1997-11-13 18:30:10
557,Farinelli: il castrato (1994),1997-11-13 18:46:26
1456,Beat the Devil (1954),1997-11-13 18:53:25
1462,"Thieves (Voleurs, Les) (1996)",1997-11-13 18:59:15
666,Blood For Dracula (Andy Warhol's Dracula) (1974),1997-11-13 19:11:10
1535,"Enfer, L' (1994)",1997-11-13 19:11:34
74,Faster Pussycat! Kill! Kill! (1965),1997-11-13 19:20:30
1169,Fresh (1994),1997-11-13 21:02:32
889,"Tango Lesson, The (1997)",1997-11-13 21:11:13
935,Paradise Road (1997),1997-11-13 21:15:10
1127,"Truman Show, The (1998)",1997-11-13 22:49:55
1024,Mrs. Dalloway (1997),1997-11-14 04:24:55
538,Anastasia (1997),1997-11-14 04:24:55
888,One Night Stand (1997),1997-11-14 04:26:29
1429,Sliding Doors (1998),1997-11-14 05:30:23
1510,Mad Dog Time (1996),1997-11-14 05:34:19
1175,Hugo Pool (1997),1997-11-14 05:47:01
1233,Nénette et Boni (1996),1997-11-14 05:47:01
1658,"Substance of Fire, The (1996)",1997-11-14 19:29:40
1443,8 Seconds (1994),1997-11-14 20:52:58
1264,Nothing to Lose (1994),1997-11-14 21:19:49
782,Little Odessa (1994),1997-11-14 21:22:46
1508,"Babysitter, The (1995)",1997-11-14 21:48:50
1511,Children of the Revolution (1996),1997-11-14 22:00:43
1184,"Endless Summer 2, The (1994)",1997-11-14 22:42:17
1412,Land Before Time III: The Time of the Great Giving (1995) (V),1997-11-14 23:58:41
1409,"Swan Princess, The (1994)",1997-11-15 00:11:02
1408,Gordy (1995),1997-11-15 00:54:27
1190,That Old Feeling (1997),1997-11-15 03:06:09
1156,Cyclo (1995),1997-11-15 06:43:53
851,Two or Three Things I Know About Her (1966),1997-11-15 06:49:30
1396,Stonewall (1995),1997-11-15 18:20:58
1550,Destiny Turns on the Radio (1995),1997-11-16 02:51:47
361,Incognito (1997),1997-11-17 04:35:40
339,Mad City (1997),1997-11-17 05:17:28
1589,Schizopolis (1996),1997-11-18 17:35:15
1405,Boy's Life 2 (1997),1997-11-18 17:35:16
1611,Intimate Relations (1996),1997-11-18 17:38:12
1610,"Truth or Consequences, N.M. (1997)",1997-11-18 17:40:11
1609,B*A*P*S (1997),1997-11-18 17:47:00
1072,"Pyromaniac's Love Story, A (1995)",1997-11-18 18:10:10
1186,"Inkwell, The (1994)",1997-11-18 18:14:46
1179,Man of the House (1995),1997-11-18 18:18:47
1189,Prefontaine (1997),1997-11-18 18:32:31
1200,Kim (1950),1997-11-19 14:16:04
838,In the Line of Duty 2 (1987),1997-11-19 19:36:04
1466,Margaret's Museum (1995),1997-11-20 01:08:24
1465,Last Summer in the Hamptons (1995),1997-11-20 01:10:15
1531,Far From Home: The Adventures of Yellow Dog (1995),1997-11-20 02:12:13
1608,Buddy (1997),1997-11-21 02:08:30
973,Grateful Dead (1995),1997-11-21 16:26:35
957,Pushing Hands (1992),1997-11-21 17:09:48
1599,Someone Else's America (1995),1997-11-21 20:03:34
1423,"Walking Dead, The (1995)",1997-11-22 05:12:57
1553,"Underneath, The (1995)",1997-11-22 06:42:59
1468,"Cure, The (1995)",1997-11-22 23:42:19
1438,Panther (1995),1997-11-24 00:58:18
1523,"Good Man in Africa, A (1994)",1997-11-24 01:14:27
1475,Bhaji on the Beach (1993),1997-11-24 14:46:08
1404,Withnail and I (1987),1997-11-24 22:33:21
1472,"Visitors, The (Visiteurs, Les) (1993)",1997-11-25 22:29:03
537,My Own Private Idaho (1991),1997-11-27 03:49:53
1682,Scream of Stone (Schrei aus Stein) (1991),1997-11-29 23:22:35
1027,"Shooter, The (1995)",1997-11-30 22:47:52
343,Alien: Resurrection (1997),1997-12-02 04:35:10
1449,Pather Panchali (1955),1997-12-02 07:17:29
1499,Grosse Fatigue (1994),1997-12-02 07:19:28
342,"Man Who Knew Too Little, The (1997)",1997-12-02 15:23:19
1537,Cosi (1996),1997-12-02 23:50:05
1512,"World of Apu, The (Apur Sansar) (1959)",1997-12-02 23:55:47
1541,"Beans of Egypt, Maine, The (1994)",1997-12-03 00:13:12
1593,Death in Brunswick (1991),1997-12-03 00:29:31
1241,"Van, The (1996)",1997-12-04 16:07:22
1104,C'est arrivé près de chez vous (1992),1997-12-04 18:32:32
1604,He Walked by Night (1948),1997-12-06 01:47:29
1547,"Show, The (1995)",1997-12-06 02:05:48
1551,"Glass Shield, The (1994)",1997-12-06 02:09:53
857,Paris Was a Woman (1995),1997-12-07 17:22:28
1193,Before the Rain (Pred dozhdot) (1994),1997-12-09 06:39:08
1629,Nico Icon (1995),1997-12-09 21:41:30
594,Heavy (1995),1997-12-12 19:54:58
1111,Double Happiness (1994),1997-12-13 01:42:55
1501,Prisoner of the Mountains (Kavkazsky Plennik) (1996),1997-12-13 01:57:38
1144,"Quiet Room, The (1996)",1997-12-14 19:02:36
850,"Perfect Candidate, A (1996)",1997-12-14 22:58:38
1424,I Like It Like That (1994),1997-12-15 05:51:06
1542,"Scarlet Letter, The (1926)",1997-12-17 08:49:52
1479,Reckless (1995),1997-12-17 16:51:19
1418,"Joy Luck Club, The (1993)",1997-12-17 19:01:07
852,"Bloody Child, The (1996)",1997-12-17 22:14:29
788,Relative Fear (1994),1997-12-17 22:15:14
784,Beyond Bedlam (1993),1997-12-17 22:18:04
777,Castle Freak (1995),1997-12-17 22:18:04
830,Power 98 (1995),1997-12-17 22:26:21
757,Across the Sea of Time (1995),1997-12-17 22:48:54
1080,Celestial Clockwork (1994),1997-12-18 00:21:47
1560,Clean Slate (Coup de Torchon) (1981),1997-12-18 00:24:01
1402,"Ciao, Professore! (1993)",1997-12-18 19:27:10
1543,Johns (1996),1997-12-19 05:38:11
751,Tomorrow Never Dies (1997),1997-12-20 04:48:34
1155,"Rendezvous in Paris (Rendez-vous de Paris, Les) (1995)",1997-12-20 08:36:57
895,Scream 2 (1997),1997-12-20 08:45:28
892,Flubber (1997),1997-12-20 08:48:10
312,Midnight in the Garden of Good and Evil (1997),1997-12-20 08:49:40
750,Amistad (1997),1997-12-20 23:06:26
1552,"Hunted, The (1995)",1997-12-21 02:19:53
1406,When Night Is Falling (1995),1997-12-21 02:29:41
313,Titanic (1997),1997-12-21 08:33:54
893,For Richer or Poorer (1997),1997-12-22 07:00:05
1521,Mr. Wonderful (1993),1997-12-22 17:39:10
1677,Sweet Nothing (1995),1997-12-22 18:12:48
896,"Sweet Hereafter, The (1997)",1997-12-22 19:22:29
539,Mouse Hunt (1997),1997-12-22 20:04:04
894,Home Alone 3 (1997),1997-12-23 00:59:56
272,Good Will Hunting (1997),1997-12-24 09:23:07
1623,"Cérémonie, La (1995)",1997-12-24 09:29:54
346,Jackie Brown (1997),1997-12-26 01:22:48
906,Oscar & Lucinda (1997),1997-12-27 17:55:10
903,Afterglow (1997),1997-12-27 17:55:11
1238,Full Speed (1996),1997-12-27 18:49:55
1617,Hugo Pool (1997),1997-12-27 19:15:02
1434,Shooting Fish (1997),1997-12-27 19:15:02
1591,Duoluo tianshi (1995),1997-12-27 19:15:02
351,"Prophecy II, The (1998)",1997-12-27 19:15:02
350,Fallen (1998),1997-12-27 19:15:02
1293,Star Kid (1997),1997-12-27 19:15:48
908,Half Baked (1998),1997-12-27 19:15:48
1612,"Leading Man, The (1996)",1997-12-27 19:15:48
348,Desperate Measures (1998),1997-12-27 19:15:48
1592,"Magic Hour, The (1998)",1997-12-27 19:15:48
352,Spice World (1997),1997-12-27 19:15:48
349,Hard Rain (1998),1997-12-27 19:15:48
909,Dangerous Beauty (1998),1997-12-27 19:15:48
1062,Four Days in September (1997),1997-12-27 19:15:48
898,"Postman, The (1997)",1997-12-28 05:39:26
1122,They Made Me a Criminal (1939),1997-12-28 16:28:18
1123,"Last Time I Saw Paris, The (1954)",1997-12-28 16:53:17
1105,Firestorm (1998),1997-12-29 00:53:53
1316,"Horse Whisperer, The (1998)",1997-12-29 00:54:43
345,Deconstructing Harry (1997),1997-12-30 20:10:23
901,Mr. Magoo (1997),1998-01-01 16:04:32
1096,Commandments (1997),1998-01-01 23:39:00
1657,Target (1995),1998-01-02 03:33:11
1234,Chairman of the Board (1998),1998-01-02 16:06:10
344,"Apostle, The (1997)",1998-01-02 16:11:08
347,Wag the Dog (1997),1998-01-02 16:14:30
1432,"Mighty, The (1998)",1998-01-02 16:23:28
315,Apt Pupil (1998),1998-01-03 02:17:16
1616,Desert Winds (1995),1998-01-04 00:58:21
1513,Sprung (1997),1998-01-05 00:47:22
1491,Tough and Deadly (1995),1998-01-05 21:02:12
1398,Anna (1996),1998-01-07 02:27:59
1146,Calendar Girl (1993),1998-01-07 05:39:36
1675,"Sunchaser, The (1996)",1998-01-08 01:14:45
907,Vermin (1998),1998-01-11 17:08:05
314,3 Ninjas: High Noon At Mega Mountain (1998),1998-01-11 17:08:05
1454,Angel and the Badman (1947),1998-01-12 20:32:08
1399,Stranger in the House (1997),1998-01-12 22:59:02
904,Ma vie en rose (My Life in Pink) (1997),1998-01-14 16:15:55
1626,Nobody Loves Me (Keiner liebt mich) (1994),1998-01-14 16:30:47
900,Kundun (1997),1998-01-19 00:10:53
1463,"Boys, Les (1997)",1998-01-21 19:02:54
1108,Feast of July (1995),1998-01-23 09:01:09
1464,"Stars Fell on Henrietta, The (1995)",1998-01-23 09:02:34
1566,"Man from Down Under, The (1943)",1998-01-23 09:04:08
1564,To Cross the Rubicon (1991),1998-01-23 09:04:48
643,The Innocent (1994),1998-01-23 09:05:36
1308,Babyfever (1994),1998-01-23 09:05:36
1445,Ladybird Ladybird (1994),1998-01-23 09:05:36
1554,Safe Passage (1994),1998-01-23 09:07:25
1585,American Dream (1990),1998-01-23 09:08:07
1307,Carmen Miranda: Bananas Is My Business (1994),1998-01-23 09:08:49
1561,Tigrero: A Film That Was Never Made (1994),1998-01-23 09:08:49
1306,Delta of Venus (1994),1998-01-23 09:08:49
1587,Terror in a Texas Town (1958),1998-01-23 09:08:49
1574,Pharaoh's Army (1995),1998-01-23 09:08:49
1559,Hostile Intentions (1994),1998-01-23 09:09:37
1567,Careful (1992),1998-01-23 09:18:43
1568,Vermont Is For Lovers (1992),1998-01-23 09:20:22
1557,Yankee Zulu (1994),1998-01-23 09:20:22
1548,The Courtyard (1995),1998-01-23 09:32:32
1581,"Woman in Question, The (1950)",1998-01-23 09:42:59
1582,T-Men (1947),1998-01-23 09:44:30
1549,Dream Man (1995),1998-01-23 09:44:31
626,So Dear to My Heart (1949),1998-01-23 09:47:57
1470,Gumby: The Movie (1995),1998-01-23 09:50:45
1575,"I, Worst of All (Yo, la peor de todas) (1990)",1998-01-23 09:56:47
1584,"Symphonie pastorale, La (1946)",1998-01-23 09:56:47
1579,Baton Rouge (1988),1998-01-23 09:56:48
1546,Shadows (Cienie) (1988),1998-01-23 09:56:48
1571,Touki Bouki (Journey of the Hyena) (1973),1998-01-23 09:57:43
1565,Daens (1992),1998-01-23 09:57:43
1573,Spirits of the Dead (Tre passi nel delirio) (1968),1998-01-23 09:57:44
1576,"Hungarian Fairy Tale, A (1987)",1998-01-23 09:57:44
1586,Lashou shentan (1992),1998-01-23 09:57:44
1569,"Vie est belle, La (Life is Rosey) (1987)",1998-01-23 09:58:25
1562,"Eye of Vichy, The (Oeil de Vichy, L') (1993)",1998-01-23 09:58:26
1577,"Death in the Garden (Mort en ce jardin, La) (1956)",1998-01-23 09:58:26
1583,"Invitation, The (Zaproszenie) (1986)",1998-01-23 09:59:03
1578,"Collectionneuse, La (1967)",1998-01-23 09:59:03
1580,Liebelei (1933),1998-01-23 09:59:03
1570,Quartier Mozart (1992),1998-01-23 09:59:04
1563,"Promise, The (Versprechen, Das) (1994)",1998-01-23 10:00:35
1529,Underground (1995),1998-01-23 10:00:35
1572,Wend Kuuni (God's Gift) (1982),1998-01-23 10:00:35
1556,Condition Red (1995),1998-01-23 10:00:35
1590,"To Have, or Not (1995)",1998-01-23 10:03:09
1588,Salut cousin! (1996),1998-01-23 10:03:09
353,Deep Rising (1998),1998-01-26 00:52:39
905,Great Expectations (1998),1998-01-28 00:00:56
1420,Gilligan's Island: The Movie (1998),1998-01-28 23:13:01
1642,Some Mother's Son (1996),1998-01-31 22:41:31
1397,Of Human Bondage (1934),1998-01-31 23:32:01
814,"Great Day in Harlem, A (1994)",1998-02-01 03:04:21
899,"Winter Guest, The (1997)",1998-02-02 07:14:33
1538,All Over Me (1997),1998-02-03 04:45:51
691,Dark City (1998),1998-02-05 20:25:30
1431,Legal Deceit (1997),1998-02-07 04:25:29
897,Time Tracers (1995),1998-02-08 15:40:22
752,"Replacement Killers, The (1998)",1998-02-08 15:42:49
1603,Angela (1995),1998-02-10 19:42:08
1672,Kika (1993),1998-02-11 01:12:34
1622,"Paris, France (1993)",1998-02-11 01:24:56
1681,You So Crazy (1994),1998-02-11 01:32:02
1641,Dadetown (1995),1998-02-14 03:43:30
1630,"Silence of the Palace, The (Saimt el Qusur) (1994)",1998-02-14 03:58:55
1635,Two Friends (1986) ,1998-02-14 04:54:39
1636,Brothers in Trouble (1995),1998-02-14 16:26:10
1516,"Wedding Gift, The (1994)",1998-02-14 16:43:50
1532,Foreign Student (1994),1998-02-14 17:23:19
1638,Normal Life (1996),1998-02-14 20:42:27
1448,My Favorite Season (1993),1998-02-15 06:13:44
355,Sphere (1998),1998-02-16 03:57:31
1639,Bitter Sugar (Azucar Amargo) (1996),1998-02-16 17:34:43
1430,Ill Gotten Gains (1997),1998-02-16 19:50:04
362,Blues Brothers 2000 (1998),1998-02-16 19:54:04
354,"Wedding Singer, The (1998)",1998-02-16 23:37:36
1515,Wings of Courage (1995),1998-02-17 17:59:06
1607,Hurricane Streets (1998),1998-02-18 02:21:12
316,As Good As It Gets (1997),1998-02-18 20:17:14
1527,Senseless (1998),1998-02-21 05:31:10
1313,Palmetto (1998),1998-02-22 13:48:14
891,Bent (1997),1998-02-22 20:40:49
1433,Men of Means (1998),1998-02-22 20:40:49
1492,Window to Paris (1994),1998-02-25 18:20:06
1493,"Modern Affair, A (1995)",1998-02-26 03:51:08
1634,Etz Hadomim Tafus (Under the Domin Tree) (1994),1998-02-26 06:20:19
1644,Sudden Manhattan (1996),1998-02-26 06:25:27
1640,"Eighth Day, The (1996)",1998-02-26 06:30:46
1655,"Favor, The (1994)",1998-02-26 18:32:02
1618,King of New York (1990),1998-02-26 19:38:25
1237,Twisted (1996),1998-02-26 21:38:47
1631,"Slingshot, The (1993)",1998-02-28 04:09:17
1660,Small Faces (1995),1998-02-28 04:38:51
1632,Land and Freedom (Tierra y libertad) (1995),1998-02-28 17:09:19
1497,"Line King: Al Hirschfeld, The (1996)",1998-03-01 06:08:58
1659,Getting Away With Murder (1996),1998-03-01 06:21:53
1656,Little City (1998),1998-03-02 23:41:25
1671,"Further Gesture, A (1996)",1998-03-04 02:56:33
1637,Girls Town (1996),1998-03-04 04:04:15
1196,"Savage Nights (Nuits fauves, Les) (1992)",1998-03-04 04:05:25
1294,Ayn Rand: A Sense of Life (1997),1998-03-05 03:11:47
1494,"Mostro, Il (1994)",1998-03-07 01:00:01
1243,Night Flier (1997),1998-03-07 16:47:57
902,"Big Lebowski, The (1998)",1998-03-07 16:50:56
1679,B. Monkey (1998),1998-03-07 16:51:31
910,Nil By Mouth (1997),1998-03-07 16:52:50
1680,Sliding Doors (1998),1998-03-07 16:52:50
1678,Mat' i syn (1997),1998-03-07 16:52:50
1661,"New Age, The (1994)",1998-03-07 19:37:09
1633,Á köldum klaka (Cold Fever) (1994),1998-03-08 04:28:35
1653,Entertaining Angels: The Dorothy Day Story (1996),1998-03-10 00:31:53
1606,Deceiver (1997),1998-03-15 04:36:05
1673,Mirage (1995),1998-03-27 21:27:03
1526,Witness (1985),1998-03-27 21:45:16
1191,"Letter From Death Row, A (1998)",1998-03-27 22:35:03
1601,Office Killer (1997),1998-03-29 19:25:33
1498,Farmer & Chase (1995),1998-03-29 22:01:24
1674,Mamma Roma (1962),1998-03-29 22:48:02
600,Daniel Defoe's Robinson Crusoe (1996),1998-03-30 10:06:52
599,Police Story 4: Project S (Chao ji ji hua) (1993),1998-03-31 14:17:40
677,Fire on the Mountain (1996),1998-03-31 14:28:19
1235,"Big Bang Theory, The (1994)",1998-03-31 20:17:34
1236,"Other Voices, Other Rooms (1997)",1998-03-31 20:20:30
1201,Marlene Dietrich: Shadow and Light (1996) ,1998-03-31 22:34:47
1627,"Wife, The (1995)",1998-03-31 22:36:26
1613,Tokyo Fist (1995),1998-04-01 16:51:06
1670,Tainted (1998),1998-04-02 06:16:33
1663,Nothing Personal (1995),1998-04-02 06:48:20
1668,Wedding Bell Blues (1996),1998-04-02 06:54:27
1667,"Next Step, The (1995)",1998-04-02 06:55:10
1669,MURDER and murder (1996),1998-04-02 06:55:50
1665,"Brother's Kiss, A (1997)",1998-04-02 06:56:34
1666,Ripe (1996),1998-04-02 06:56:34
1647,Hana-bi (1997),1998-04-05 23:03:55
1602,"Price Above Rubies, A (1998)",1998-04-05 23:03:55
915,Primary Colors (1998),1998-04-05 23:03:55
1648,"Niagara, Niagara (1997)",1998-04-05 23:03:55
914,Wild Things (1998),1998-04-05 23:04:31
1106,"Newton Boys, The (1998)",1998-04-05 23:04:32
913,Love and Death on Long Island (1997),1998-04-05 23:05:21
911,Twilight (1998),1998-04-05 23:05:22
912,U.S. Marshalls (1998),1998-04-05 23:05:22
1483,"Man in the Iron Mask, The (1998)",1998-04-07 00:45:11
1651,"Spanish Prisoner, The (1997)",1998-04-07 01:45:00
1646,Men With Guns (1997),1998-04-07 01:46:17
916,Lost in Space (1998),1998-04-07 14:59:55
917,Mercury Rising (1998),1998-04-08 05:58:24
1461,Here Comes Cookie (1935),1998-04-08 23:31:37
1457,Love Is All There Is (1996),1998-04-08 23:52:18
1649,"Big One, The (1997)",1998-04-11 22:33:13
1452,Lady of Burlesque (1943),1998-04-11 22:55:42
1453,Angel on My Shoulder (1946),1998-04-11 22:56:55
1460,Sleepover (1995),1998-04-11 22:57:40
1447,Century (1993),1998-04-11 23:08:39
1458,"Damsel in Distress, A (1937)",1998-04-11 23:09:25
918,City of Angels (1998),1998-04-12 12:12:42
1654,Chairman of the Board (1998),1998-04-16 00:19:20
1533,I Don't Want to Talk About It (De eso no se habla) (1993),1998-04-16 03:08:26
1304,New York Cop (1996),1998-04-16 14:51:17
1309,"Very Natural Thing, A (1974)",1998-04-16 14:52:21
1310,"Walk in the Sun, A (1945)",1998-04-16 14:53:04
1621,Butterfly Kiss (1995),1998-04-17 03:53:14
1645,"Butcher Boy, The (1998)",1998-04-18 03:47:05
1650,"Butcher Boy, The (1998)",1998-04-18 03:47:05
1625,Nightwatch (1997),1998-04-18 03:55:32
1624,Hush (1998),1998-04-18 03:55:52
1525,"Object of My Affection, The (1998)",1998-04-20 12:17:52
1594,Everest (1998),1998-04-20 23:39:36
